ItemId,Description,CaseQty,CaseUOM,PakQty,PakUOM,InventoryGroup
I-7631,5 SPICE POWDER,1.000,ea,1.000,lb,SPICES
I-2352,"9""X6"" 1-COMPARTMENT CLAMSHELL",200.000,CT,1.000,CT,DISPOSABLES
I-57481,AHA WATER SP BLUEB POM PET ,24.000,each,1.000,each,BEVERAGE
I-57484,AHA WATER SP PEACH HONEY PET  ,24.000,each,1.000,each,BEVERAGE
I-56025,AHA WATER SP WATERMLN LIME PET,24.000,each,1.000,each,BEVERAGE
I-43851,AJWAIN 5LB,5.000,lb,454.000,g,SPICES
I-3617,ALLSPICE GROUND SHAKER ,8.000,each,454.000,g,SPICES
I-1852,ALMOND BEV - ORIGINAL,24.000,CT,1.000,CT,BEVERAGE
I-61295,ALMOND BREEZE CHOC 240 ML,24.000,CT,1.000,CT,BEVERAGE
I-61294,ALMOND BREEZE VAN UNSWT 240 ML,24.000,CT,1.000,CT,BEVERAGE
I-44059,ALMOND BUTTER*,10.000,Kg,1.000,Kg,FOOD - GROCERY
I-12157,ALMOND CHOC*TETRA 250Ml,18.000,each,236.000,ml,BEVERAGE
I-13970,ALMOND ORIG TETRA 250ML,24.000,ea,1.000,ea,BEVERAGE
I-40957,ALMOND SLICED*BLANCHED,1.000,5KG,5000.000,g,BAKING-RAW INGREDIENTS
I-43854,AMCHUR POWDER,5.000,lb,454.000,g,SPICES
I-43652,ANCHO CHILLI,1.200,Kg,1.000,Kg,FOOD - GROCERY
I-2852,ANCHO POWDER ,1.000,pak,227.000,g,FOOD - GROCERY
I-2853,ANCHOVIES FILLET,1.700,Kg,1.000,Kg,FOOD - GROCERY
I-6924,ANISE (36CT),3.000,CT,1.000,HEAD,PRODUCE
I-11181,ANISE STAR WHOLE,8.000,each,240.000,g,SPICES
I-4255,APPLES CA AMBROSIA F/XF 100 CT,100.000,CT,1.000,CT,PRODUCE
I-29389,APPLES DICED IQF FRZ,1.000,bag,18.180,Kg,PRODUCE
I-4249,APPLES FUJI F/XF 113 CT,113.000,CT,1.000,CT,PRODUCE
I-4456,APPLES FUJI US,64.000,CT,1.000,CT,PRODUCE
I-6775,APPLES GALA ROYAL ,100.000,CT,1.000,CT,PRODUCE
I-4461,APPLES GALA ROYAL BC,100.000,CT,1.000,CT,PRODUCE
I-4458,APPLES GOLDEN DELICIOUSUS,113.000,CT,1.000,CT,PRODUCE
I-4970,APPLES GRANN SMITH SLCD GRDE A,2.000,bag,2.500,Kg,PRODUCE
I-4271,APPLES GRANNY SMITH ,113.000,ea,1.000,CT,PRODUCE
I-13253,APPLES GRANNY SMITH 88CT,88.000,CT,1.000,ea,PRODUCE
I-8042,APPLES GRANNY SMITH US  113 CT,1.000,cs,113.000,CT,PRODUCE
I-4459,APPLES HONEYCRISP BC,88.000,CT,1.000,CT,PRODUCE
I-4460,APPLES MACINTOSHBC,5.000,lb,3.000,CT,PRODUCE
I-13225,APPLES RED DELICIOUS 113CT,1.000,cs,113.000,CT,PRODUCE
I-18918,APPLES RED SLICES,12.000,lb,1.000,lb,PRODUCE
I-4462,APPLES SPARTANK39BC,39.000,lb,1.000,lb,PRODUCE
I-7957,APRICOTS DRIED TFC BULK,12.000,pak,0.450,Kg,FOOD - GROCERY
I-4971,ARTICHOKE 1/4 SALAD CUT TFC,6.000,LG CAN,2.500,Kg,PRODUCE
I-4465,ASPARAGUS (LARGE) MX,11.000,lb,1.000,lb,PRODUCE
I-4473,AVOCADO (20CT) MX,20.000,CT,1.000,HEAD,PRODUCE
I-4472,AVOCADO MX,20.000,CT,1.000,CT,PRODUCE
I-4973,AVOCADO PULP*CHUNKY,6.000,each,907.185,g,PRODUCE
I-65741,BACON 2.5MM NATURALLY SMKD,5.000,Kg,1.000,Kg,MEAT
I-27410,BACON 3MM NATURALLY SMKD,5.000,Kg,1.000,Kg,MEAT
I-62928,BAGEL EVERYTHING*SLCD,12.000,pak,6.000,ea,BREAD
I-63697,BAGEL MULTIGRAIN 4OZ,12.000,bag,6.000,ea,BREAD
I-1252,BAGEL PLAIN  SLICED 4OZ,72.000,CT,1.000,CT,BREAD
I-19178,BAGEL PLAIN G/FREE FZN (S0),6.000,bag,5.000,CT,BREAD
I-1286,BAGEL WHOLE WHEAT (6 PACK),6.000,CT,1.000,CT,BREAD
I-1207,BAGUETTE FRENCH ,24.000,each,1.000,CT,BREAD
I-18089,BAGUETTE WHITE,28.000,ea,1.000,ea,BREAD
I-4495,BAK CHOY (60 LBS)US,50.000,lb,1.000,lb,PRODUCE
I-4496,BAK CHOY BABY BC,30.000,lb,1.000,lb,PRODUCE
I-4491,BAK CHOY BC,50.000,lb,1.000,lb,PRODUCE
I-3118,BAKING PWDR MAGIC,6.000,LG CAN,2.500,Kg,FOOD - GROCERY
I-3119,BAKING SODA,5.000,Kg,1000.000,g,FOOD - GROCERY
I-17203,BALSAMIC GLAZE,2.000,bottle,2.000,L,FOOD - GROCERY
I-22443,BAMBOO SHOOTS*STRIP,1.000,LG CAN,2.950,L,PRODUCE
I-4507,BANANA ,40.000,lb,1.000,piece,PRODUCE
I-3122,BAR CEREAL NUTRI GRAIN MX BRY,16.000,PAK 3,3.000,CT,CANDIES SNACKS
I-3123,BAR CEREAL NUTRIGRAIN BLUEB ,3.000,box,16.000,PTN,CANDIES SNACKS
I-54021,BAR CHOC MILK CAMINO,12.000,each,1.000,CT,CANDIES SNACKS
I-19639,BAR CHOCOLATE DARK 80%,12.000,ea,1.000,ea,CANDIES SNACKS
I-13791,BAR GF NANAIMO 3X3 WRAPPED,12.000,CT,1.000,CT,BAKED GOODS
I-36353,BAR GRANOLA MINI APPLE CINN,30.000,ea,1.000,ea,CANDIES SNACKS
I-19641,BAR GRANOLA PUMPKIN,6.000,box,6.000,ea,CANDIES SNACKS
I-19640,BAR GRANOLA SUNNY HEMP,6.000,box,6.000,ea,CANDIES SNACKS
I-41800,BAR KIND ALMOND & COCONUT,12.000,ea,1.000,ea,FOOD - GROCERY
I-41803,BAR KIND ALMOND MINT DARK CHOC,12.000,ea,1.000,ea,FOOD - GROCERY
I-41804,BAR KIND ALMOND MOCHA DK CHOC,12.000,each,1.000,ea,FOOD - GROCERY
I-41801,BAR KIND BLUEBRY VAN CASHEW ,12.000,ea,1.000,ea,FOOD - GROCERY
I-41805,BAR KIND CARAMEL ALMOND,12.000,ea,1.000,each,FOOD - GROCERY
I-41802,BAR KIND CASHW RASPBY CHIA,12.000,ea,1.000,ea,FOOD - GROCERY
I-35767,BAR KIND CHOC/ALMOND SEA SALT,12.000,ea,1.000,each,HM SWEET & SAVOURY SNACKS
I-41809,BAR KIND DKCHOC CHERRY CASHEW,12.000,ea,1.000,ea,FOOD - GROCERY
I-3754,BAR KIND FRUIT & NUT  ,12.000,CT,1.000,CT,CANDIES SNACKS
I-41807,BAR KIND HNY RSTD NUTS SALT,12.000,ea,1.000,ea,FOOD - GROCERY
I-41808,BAR KIND MAPLE GLAZED PECAN,12.000,ea,1.000,ea,FOOD - GROCERY
I-47063,BAR KIND PB Dark Chocolate,12.000,each,1.000,each,FOOD - GROCERY
I-31463,BAR MOUSSE MANGO,88.000,ea,1.000,ea,BAKED GOODS
I-1020,BAR NANAIMO SCORED 12X16IN ,2.000,SHEET,1.000,SHEET,BAKED GOODS
I-1241,BAR OAT FUDGE(6 PACK),6.000,CT,1.000,CT,BAKED GOODS
I-54298,BAR SOLO-CHOC BROWNIE,12.000,BAR,1.000,BAR,CANDIES SNACKS
I-15190,BAR SOLO-CHOCOLATE CHARGER,12.000,BAR,1.000,BAR,CANDIES SNACKS
I-19968,BAR SOLO-DRK CHOC COCONUT MINT,12.000,BAR,1.000,BAR,CANDIES SNACKS
I-15192,BAR SOLO-DRK CHOC MANDARIN,12.000,BAR,1.000,BAR,CANDIES SNACKS
I-15191,BAR SOLO-LEMON ,12.000,BAR,1.000,BAR,CANDIES SNACKS
I-15193,BAR SOLO-MOCHA FUDGE,12.000,BAR,1.000,BAR,CANDIES SNACKS
I-32083,BAR SOLO-PEANUT CARAMEL SALT,12.000,BAR,1.000,BAR,CANDIES SNACKS
I-15189,BAR SOLO-PEANUT POWER,12.000,BAR,1.000,BAR,CANDIES SNACKS
I-32082,BAR SOLO-WHITE CHOC CHERRY,12.000,BAR,1.000,BAR,CANDIES SNACKS
I-31492,BAR SWEET SALTY CARAMEL 12X16,48.000,ea,1.000,ea,BAKED GOODS
I-3129,BARLEY PEARL FINE TFC,5.000,Kg,1.000,Kg,FOOD - GROCERY
I-3130,BASE BEEF CONC LIQ G/FREE,4.000,pak,946.000,ml,FOOD - GROCERY
I-3133,BASE CHICK*CONC LIQ G/FREE,4.000,bottle,946.000,ml,FOOD - GROCERY
I-3140,BASE SOUP*VEG LOW SOD/GF,4.500,Kg,1.000,Kg,FOOD - GROCERY
I-3141,BASE VEG*CONC LIQ G/FREE,4.000,bottle,946.000,ml,FOOD - GROCERY
I-38906,BASIL RUBBED,1.000,each,200.000,g,SPICES
I-53706,BAY LEAF BULK,5.000,lb,1.000,lb,SPICES
I-3619,BAY LEAF WHL SHAKER TFC,8.000,each,84.000,g,SPICES
I-2567,BEAN GREEN*WHL GRADE A IQF,6.000,bag,2.000,Kg,PRODUCE
I-2568,BEAN LIMA GRN BABY IQF,6.000,bag,2.000,Kg,PRODUCE
I-23336,BEANS CANNELLINI,6.000,can,2.840,L,FOOD - GROCERY
I-2866,BEANS CANNELLINI LA MOLISANA ,24.000,can,19.000,fl oz,FOOD - GROCERY
I-3143,BEANS CHICK*PEAS GABANZO CAN,6.000,LG CAN,2.840,L,FOOD - GROCERY
I-4510,BEANS EDAMAME PODS,12.000,pak,500.000,g,PRODUCE
I-57743,BEANS GREEN GARBANZO FZ,2.000,pak,5.000,lb,FOOD - GROCERY
I-4518,BEANS GREEN TRIMMED WHOLE US,5.000,lb,1.000,lb,PRODUCE
I-4519,BEANS GREEN WHOLE IQF,6.000,bag,1.500,bag,PRODUCE
I-4516,BEANS GREEN(25 LBS),1.000,lb,1.000,lb,PRODUCE
I-3144,BEANS KIDNEY*RED,6.000,LG CAN,2.840,L,FOOD - GROCERY
I-7935,BEANS NAVY WHT,10.000,Kg,1.000,Kg,FOOD - GROCERY
I-3436,BEANS PEA*GREEN SPLIT,10.000,Kg,1.000,Kg,FOOD - GROCERY
I-3145,BEANS PINTO.,6.000,LG CAN,2.840,L,FOOD - GROCERY
I-3146,BEANS REFRIED*,6.000,LG CAN,2.840,L,FOOD - GROCERY
I-10616,BEANS ROMANO ,1.000,lb,1.000,lb,PRODUCE
I-3743,BEANS TURTLE BLACK T(US),11.350,Kg,1.000,Kg,FOOD - GROCERY
I-3148,BEANS TURTLE BLK DRY,10.000,Kg,1.000,Kg,FOOD - GROCERY
I-3149,BEANS TURTLE*BLACK ,6.000,LG CAN,2.840,L,FOOD - GROCERY
I-19611,BEANS UBC,1.000,lb,1.000,lb,PRODUCE
I-5555,BEANS ZANAE BUTTER ,12.000,Kg,1.000,Kg,FOOD - GROCERY
I-51331,BEAR NAKED Fruit & Nut,6.000,ea,1.000,ea,FOOD - GROCERY
I-9454,BEEF BACK RIB UT COV FZ,1.000,Kg,1.000,Kg,MEAT
I-34065,BEEF BONES KNUCKLE FZ,1.000,Kg,1.000,Kg,MEAT
I-3838,"BEEF BRISKET BNLS 3/4"" AAA",1.000,Kg,1.000,Kg,MEAT
I-16352,BEEF JERKY HOT TERIYAKI 80G,1.000,CT,1.000,CT,"JERKY, PEPPERONI"
I-1905,BEEF JERKY PEPPERED 80G,1.000,ea,1.000,CT,MM Snack Jerky
I-3846,BEEF LEAN GRD COMMERCIAL,5.000,Kg,1.000,Kg,MEAT
I-37005,BEEF MEATBALLS,4.540,Kg,1000.000,g,MEAT
I-7064,BEEF OUTSIDE FLAT AAA,1.000,Kg,1.000,Kg,MEAT
I-13636,BEEF SHORT RIB,1.000,Kg,1.000,Kg,MEAT
I-11661,"BEEF STEW 3/4"" FROZEN",5.000,Kg,1.000,Kg,MEAT
I-3837,"BEEF STEW DICED 3/4"" FRESH",5.000,Kg,1.000,Kg,MEAT
I-3867,BEEF STIRFRY MEAT FZ 1ST,5.000,Kg,1.000,Kg,MEAT
I-4521,BEETS BC,25.000,lb,1.000,lb,PRODUCE
I-13050,BEETS GOLDEN UBC,1.000,lb,1.000,lb,PRODUCE
I-13409,BEETS PEELED BC,25.000,lb,1.000,lb,PRODUCE
I-19711,BEETS SHREDDED COARSE,5.000,lb,1.000,lb,PRODUCE
I-32246,BEETS SHREDDED MATCHSTICK RED,5.000,lb,1.000,lb,PRODUCE
I-1383,BISCOTTI GF ALMOND & ANISE ,48.000,CT,1.000,CT,BAKED GOODS
I-63683,BISCUITS HAM&CHEESE EA,1.000,ea,1.000,ea,BAKED GOODS
I-17205,BLACKBERRIES -BSKT,1.000,cs,12.000,BASKET,PRODUCE
I-7185,BLACKBERRIES IQF WHOLE,5.000,Kg,1.000,Kg,PRODUCE
I-4531,BLUEBERRIES FRZ  BC (30#),30.000,lb,1.000,lb,PRODUCE
I-2574,BLUEBERRIES WHOLE*GRADE A IQF,2.000,bag,2.500,Kg,PRODUCE
I-4533,BLUEBERRIES(12/1PT) BC,1.000,pt,1.000,pt,PRODUCE
I-4534,BLUEBERRIES(5 LBS) BC,5.000,lb,1.000,lb,PRODUCE
I-36046,BOB'S RED Oatmeal Cups Apple/C,12.000,ea,1.000,ea,MM Grocery Chill
I-40912,BOB'S RED Oatmeal Cups bb/hznt,12.000,ea,1.000,ea,MM Grocery Chill
I-36044,BOB'S RED Oatmeal Cups Classic,12.000,ea,1.000,ea,MM Grocery Chill
I-36042,BOB'S RED Oatmeal Cups Maple B,12.000,ea,1.000,ea,MM Grocery Chill
I-62929,BREAD LOAF*PANINI M/GRAIN 5/8 ,10.000,LOAF,1.000,LOAF,BREAD
I-1028,BREAD NAAN*ORIGINAL TEARDROP,48.000,CT,1.000,CT,BAKED GOODS
I-43648,BRISKET BEEF CORN SMKD FR,1.000,Kg,1.000,Kg,MEAT
I-4538,BROCCOLI CROWNS ( ICE-LESS ),20.000,lb,1.000,lb,PRODUCE
I-41921,BROCCOLI FLORET IQF,8.000,Kg,1.000,Kg,PRODUCE
I-62999,BROWNIE GF BELGIAN ,6.000,ea,1.000,ea,FOOD - GROCERY
I-13790,BROWNIE GF CHOC 3X3 WRAPPED,12.000,CT,1.000,CT,BAKED GOODS
I-1016,BROWNIE ROCKY ROAD 12X16IN TFC,2.000,SHEET,1.000,SHEET,BAKED GOODS
I-1041,BROWNIE TWO BITE 280g BAG,20.000,bag,1.000,bag,BAKED GOODS
I-1043,BROWNIE TWO*BITE BULK ,2.000,bag,100.000,each,BAKED GOODS
I-4546,BRUSSEL SPROUTS US,25.000,lb,1.000,lb,PRODUCE
I-32396,BS Xmas Cookie Shortbread 6ea,6.000,ea,1.000,ea,PRODUCTION FOOD
I-32397,BS Xmas Cookies Ginersnap 6ea,6.000,ea,1.000,ea,PRODUCTION FOOD
I-32394,BS Xmas Mincemeat Tart 6 ea,6.000,ea,1.000,ea,PRODUCE
I-32393,BS Xmas Tree\Bell Sugar Cookie,6.000,ea,1.000,each,PRODUCE
I-38809,BS- Cookies Halloween,6.000,ea,1.000,ea,PRODUCTION FOOD
I-38808,BS|Cookies|Sugar Pumpkin 6ea,6.000,ea,1.000,ea,PRODUCTION FOOD
I-29427,BS|Muffin| 1 |6ea,1.000,6 pk,6.000,ea,PRODUCTION FOOD
I-29443,BS|Muffin| 2 |6ea,1.000,6 pk,6.000,ea,PRODUCTION FOOD
I-29442,BS|Muffin| 3 |6ea,1.000,6 pk,6.000,ea,PRODUCTION FOOD
I-29439,BS|Pizza Dough 1 Batch=38KG,38.000,Kg,1.000,Kg,PRODUCE
I-29438,BS|Scone| 1 |6ea,1.000,6 pk,6.000,ea,PRODUCTION FOOD
I-29437,BS|Scone| 2 |6ea,1.000,6 pk,6.000,ea,PRODUCTION FOOD
I-29436,BS|Scone| 3 |6ea,1.000,6 pk,6.000,ea,PRODUCTION FOOD
I-46611,BS|Tart|Pumpkin 6ea,6.000,ea,1.000,ea,PRODUCTION FOOD
I-54182,BS|Xmas|Cookies Snowflake 6ea,6.000,each,1.000,each,PRODUCTION FOOD
I-31126,BUN BOA STEAMED LUNCH /LRG,2.000,bag,50.000,each,FOOD - GROCERY
I-68718,BUN HAMBURGER WW VEGAN 85GR,1.000,each,1.000,each,BREAD
I-29232,BUN|Cinnamon |LG 6ea|Unbake,6.000,ea,1.000,ea,PRODUCTION FOOD
I-67659,BURGER 50/50 4oz,48.000,each,1.000,each,MEAT
I-65951,BURGER 50/50 5.33oz,30.000,each,1.000,each,MEAT
I-52090,BURGER BEEF & MUSHROOM HALAL,1.000,cs,48.000,CT,MEAT
I-26667,BURGER PRIME RIB  6OZ ,30.000,ea,1.000,ea,MEAT
I-28697,BURGER QUINOA YAM,60.000,ea,1.000,ea,MEAT
I-47759,BURGER VEG BEYOND BEET 4 OZ,40.000,each,1.000,ea,MEAT
I-3912,BURGER VEGGIE  44CT FZN,44.000,CT,1.000,CT,MEAT
I-20347,BUTTER PORT WHIPPED,1.000,cs,715.000,PTN,DAIRY
I-6020,BUTTER PRINT*UNSALTED,25.000,lb,1.000,lb,DAIRY
I-8060,BUTTER UNSALTED FRS 454G,25.000,ea,454.000,g,DAIRY
I-63679,BUTTERHORNS EACH,1.000,ea,1.000,ea,BAKED GOODS
I-4550,CABBAGE GREEN BC,50.000,lb,1.000,lb,PRODUCE
I-4558,"CABBAGE RED SHREDDED 1/8 BC""",5.000,lb,1.000,lb,PRODUCE
I-4557,CABBAGE RED(50 LBS) BC,1.000,lb,1.000,CT,PRODUCE
I-4556,CABBAGE REDBC,50.000,lb,1.000,lb,PRODUCE
I-8232,CABBAGE SAVOY,12.000,HEAD,1.000,CT,PRODUCE
I-13635,CABBAGE UBC,1.000,lb,1.000,lb,PRODUCE
I-1048,CAKE BLACK*FOREST 12X16IN ,2.000,SHEET,24.000,slice,BAKED GOODS
I-31545,CAKE CARROT CARM STACK,48.000,slice,1.000,slice,BAKED GOODS
I-1057,CAKE CHOC TRIPLE TIGER 12X16IN,2.000,SHEET,1.000,SHEET,BAKED GOODS
I-1051,CAKE GERMAN*CHOC 12X16IN,2.000,SHEET,1.000,SHEET,BAKED GOODS
I-64919,CAKE LAVA EACH,12.000,each,1.000,each,BAKED GOODS
I-1060,CAKE MAPLE*CHOC MANIA 16IN,2.000,CAKE,1.000,CAKE,BAKED GOODS
I-16007,CAKE SHEET CARROT COUNTRY,2.000,SHEET,1.000,SHEET,BAKED GOODS
I-60871,CAKE SHEET CHOC LAYER 12X16IN,2.000,SHEET,1.000,SHEET,BAKED GOODS
I-34313,CAKE SHEET TRUFFLE CHOCO SLAB,1.000,ea,1.000,cs,BAKED GOODS
I-12439,CAKE SHEET*APLE CRUMBLE,2.000,SHEET,3.960,Kg,BAKED GOODS
I-11824,CAKE SHEET*BRNIE DBL CHOC FUDG,2.000,SHEET,1.000,SHEET,BAKED GOODS
I-16216,CAKE SHEET*TRIPLE CHOC FUDGE,2.000,SLEEVE,24.000,slice,BAKED GOODS
I-1064,CAKE STRAWBERRY CREAM TFC,2.000,CAKE,30.000,SHEET,BAKED GOODS
I-28412,CAKE|Ponderosa 6ea,6.000,ea,1.000,ea,PRODUCTION FOOD
I-5158,CALIFORNIA ROLL 9PC,1.000,pak,9.000,CT,SUSHI
I-5159,CALIFORNIA ROLL COMBO 9PC,1.000,pak,1.000,CT,SUSHI
I-5169,CALIFORNIA SPICY ROLL 9PC,1.000,pak,9.000,CT,SUSHI
I-40471,CALIPOPS LEMON,24.000,ea,1.000,ea,ICECREAM/NOVELTY/GELATO
I-40472,CALIPOPS MANGO,24.000,ea,1.000,ea,ICECREAM/NOVELTY/GELATO
I-40473,CALIPOPS RASPBERRY,24.000,ea,1.000,ea,ICECREAM/NOVELTY/GELATO
I-40474,CALIPOPS STRAWBERRY,24.000,ea,1.000,ea,ICECREAM/NOVELTY/GELATO
I-13531,CALZONE 5 CHEESE VEGETARIAN,12.000,CT,1.000,CT,FOOD - GROCERY
I-19736,CALZONE CHIPOTLE & ARTICHOKE,18.000,ea,1.000,ea,FOOD - GROCERY
I-11425,CALZONE CLASSIC ITALIAN,12.000,CT,1.000,CT,FOOD - GROCERY
I-2546,CALZONE PEPPERONI,12.000,ea,1.000,CT,FOOD - GROCERY
I-4560,CANTALOUPE US,12.000,CT,1.000,CT,PRODUCE
I-3159,CAPERS*,2.000,JUG,3.780,L,FOOD - GROCERY
I-3586,CARAWAY WHL,1.000,ea,550.000,g,SPICES
I-11214,CARDAMOM BLACK WHOLE,1.000,CT,600.000,g,SPICES
I-3620,CARDAMOM GROUND,1.000,each,454.000,g,SPICES
I-4582,CARROTS BABY BUNCHED BC,1.000,each,1.000,CT,PRODUCE
I-4568,"CARROTS DICED 1/4 US""",5.000,lb,1.000,lb,PRODUCE
I-4569,"CARROTS DICED 3/4 US""",5.000,lb,1.000,lb,PRODUCE
I-10871,CARROTS JUMBO 5lB,5.000,lb,1.000,lb,PRODUCE
I-4589,CARROTS JUMBO BC,50.000,lb,1.000,lb,PRODUCE
I-4572,CARROTS JUMBO PEELED US,25.000,lb,1.000,lb,PRODUCE
I-4590,CARROTS JUMBO US,50.000,lb,1.000,lb,PRODUCE
I-11549,CARROTS ORANGE UBC,1.000,lb,1.000,lb,PRODUCE
I-4574,CARROTS SHREDDED 1/8 (COARSE),5.000,lb,1.000,lb,PRODUCE
I-11048,CARROTS UBC ,1.000,lb,1.000,lb,PRODUCE
I-4975,CAULIFLOWER FLORET GRD A  IQF,6.000,bag,2.000,Kg,PRODUCE
I-4597,CAULIFLOWER FLORETS H/CUS,5.000,lb,1.000,lb,PRODUCE
I-4593,CAULIFLOWER US 12CT,12.000,ea,1.000,CT,PRODUCE
I-3621,CAYENNE GROUND TFC,5.000,lb,454.000,g,SPICES
I-4598,CELERY ,1.000,lb,1.000,CT,PRODUCE
I-4599,CELERY (36CT) US,3.000,HEAD,1.000,HEAD,PRODUCE
I-4603,"CELERY DICED 3/4 US""",5.000,lb,1.000,lb,PRODUCE
I-34504,CEREAL CORNFLAKES HONEY,6.000,bag,750.000,g,FOOD - GROCERY
I-17680,CEREAL CORNPUFF GORILA MNCH GF,6.000,bag,1.000,bag,FOOD - GROCERY
I-29348,CEREAL HERITAGE FLAKES,6.000,bag,907.000,g,FOOD - GROCERY
I-29346,CEREAL MESA  SUNRISE ,6.000,bag,750.000,g,FOOD - GROCERY
I-29347,CEREAL MESA SUNRISE W/RAISIN N,6.000,bag,825.000,g,FOOD - GROCERY
I-3182,CEREAL OAT*QUICK TFC,1.000,bag,10.000,Kg,FOOD - GROCERY
I-3187,CEREAL RICE CHEX G/FREE,14.000,bag,365.000,g,FOOD - GROCERY
I-3191,CEREAL VARIETY PACK CUP TFC,60.000,PTN,1.000,PTN,FOOD - GROCERY
I-11144,CHARD TOTE UBC,10.000,lb,1.000,lb,PRODUCE
I-7953,CHEESE BLUE*CRUMB,2.000,pak,2.000,Kg,DAIRY
I-17152,CHEESE BOCCONICINI*LARGE 100G,3.000,Kg,1.000,Kg,DAIRY
I-17479,CHEESE BRIE DBL CRM RECT,1.200,Kg,1.000,Kg,DAIRY
I-2106,CHEESE BRIE TRIPLE CREAM WOC,1.000,Kg,1.000,Kg,DAIRY
I-47399,CHEESE CHED AGE WHT SHRED,4.000,pak,2.270,Kg,DAIRY
I-2113,CHEESE CHED OLD WHT,2.000,bag,2.270,Kg,DAIRY
I-14177,CHEESE CHED SHRED,4.000,bag,2.500,Kg,DAIRY
I-6018,CHEESE CHED SMOKEHOUSE,1.000,Kg,1.000,Kg,DAIRY
I-2110,CHEESE CHED*MED SHRED,2.000,bag,2.500,Kg,DAIRY
I-14181,CHEESE CHED*SLICED 14G,24.000,pak,18.000,slice,DAIRY
I-2245,CHEESE COTTAGE 2% 3.5KG ,3.500,Kg,1.000,Kg,DAIRY
I-2116,CHEESE CREAM LT PORT TFC,200.000,PTN,1.000,PTN,DAIRY
I-2119,CHEESE CREAM SPREADABLE TFC,3.000,Kg,1.000,Kg,DAIRY
I-2118,CHEESE CREAM*PORT TFC,200.000,PTN,1.000,PTN,DAIRY
I-2120,CHEESE CURD POUTINE PTN,100.000,PTN,1.000,PTN,DAIRY
I-51962,CHEESE CURD*POUTINE BULK,5.000,bag,2000.000,g,DAIRY
I-2122,CHEESE FETA*IN BRINE,3.000,TUB,1.000,Kg,DAIRY
I-15033,CHEESE GOAT CHEVRE LOG FRSH,2.000,CT,1.000,Kg,DAIRY
I-2126,CHEESE GOAT*CRUMBLED ,2.000,Kg,1.000,Kg,DAIRY
I-17615,CHEESE HAVARTI*SLCD ,12.000,pak,17.000,slice,DAIRY
I-17616,CHEESE MONT*JACK JAL SLCD ,16.000,pak,12.000,slice,DAIRY
I-2137,CHEESE MOZZA P/S 17% BLOCK,8.000,BLOCK,2.300,Kg,DAIRY
I-2138,CHEESE MOZZA P/S SHRED 17%,2.000,bag,2.500,Kg,DAIRY
I-2060,CHEESE MOZZA SHREDDED SCARD,4.000,bag,2.270,Kg,DAIRY
I-14179,CHEESE MOZZA*SHRED PIZZA BLEND,4.000,bag,2.500,Kg,DAIRY
I-2140,CHEESE PARM GRATED VALUE ,2.000,bag,2.500,Kg,DAIRY
I-2141,CHEESE PARM*SHRED,2.000,bag,1.000,Kg,DAIRY
I-32271,CHEESE PROVLNE SLICE NON-DAIRY,132.000,each,1.000,slice,DAIRY
I-17617,CHEESE PROVOLONE SLCD 14G,214.000,slice,1.000,slice,DAIRY
I-2189,CHEESE RICOTTA 12X500G,12.000,CT,500.000,g,DAIRY
I-2146,CHEESE RICOTTA*BARI,1.000,4KG,4.000,Kg,DAIRY
I-17618,CHEESE SWISS*SLCD 15G,12.000,pak,33.000,slice,DAIRY
I-2778,CHEESECAKE CHOCOLATE TRUFFLE,12.000,CT,1.000,CT,BAKED GOODS
I-2780,CHEESECAKE GLUTEN FREE NY,12.000,CT,1.000,CT,BAKED GOODS
I-1073,CHEESECAKE NEW*YORK 10IN ,2.000,CAKE,16.000,slice,BAKED GOODS
I-31549,CHEESECAKE RASP GREEK YOG ,28.000,slice,1.000,slice,BAKED GOODS
I-38717,"CHEESECAKE VERY BERRY 3""",12.000,CT,1.000,CT,BAKED GOODS
I-1077,CHEESECAKE VERY BERRY G/FREE ,2.000,CAKE,14.000,slice,BAKED GOODS
I-19152,CHERRIES SOUR IQF,18.000,Kg,1.000,Kg,PRODUCE
I-16170,CHERRY DRIED BING PITTED,2.270,Kg,1000.000,g,FOOD - GROCERY
I-19143,CHIA SEEDS BLACK ORGANIC,1.000,each,2000.000,g,SPICES
I-3992,CHICK BACKS & NECKS -FRESH,1.000,Kg,1.000,Kg,POULTRY
I-3993,CHICK BREAST B/LS/L HALAL,1.000,Kg,1.000,Kg,POULTRY
I-4031,CHICK BREAST BL/SL BUTERFLY HA,1.000,Kg,1.000,Kg,POULTRY
I-55331,CHICK BREAST BL/SO HAL TENDOUT,1.000,Kg,1.000,Kg,POULTRY
I-3999,CHICK DRUMSTICK HALAL,1.000,Kg,1.000,Kg,POULTRY
I-3979,CHICK LEG BONE-IN WHOLE HAL,1.000,Kg,1.000,Kg,POULTRY
I-43958,CHICK SKEWERS 50G,60.000,each,1.000,each,POULTRY
I-3965,CHICK STRIP*CRUNCHY FLT BRD ,2.000,pak,2.000,Kg,POULTRY
I-4007,CHICK THIGH BI/SL HALAL,1.000,Kg,1.000,Kg,POULTRY
I-4008,CHICK THIGH BL HALAL,1.000,Kg,1.000,Kg,POULTRY
I-4027,CHICK THIGH BL/SL HALAL ,1.000,Kg,1.000,Kg,POULTRY
I-4010,CHICK THIGH BONE IN HALAL,1.000,Kg,1.000,Kg,POULTRY
I-4016,"CHICK THIGH DICED HALAL 1"" ",1.000,Kg,1.000,Kg,POULTRY
I-19665,CHICK THIGH STIRFRY HALAL,1.000,Kg,1.000,Kg,POULTRY
I-8363,CHICK WINGS SPLT FRESH HALAL,1.000,Kg,1.000,Kg,POULTRY
I-37478,CHILE ARBOL,1.000,lb,453.590,g,FOOD - GROCERY
I-37477,CHILE GUAJILLO,1000.000,g,1.000,g,FOOD - GROCERY
I-5975,CHILI MEXICAN POWDER,1.000,ea,2.267,Kg,SPICES
I-40451,CHILI POWDER KOREAN,1.000,each,227.000,g,SPICES
I-3622,CHILI POWDER*,12.000,each,0.600,Kg,SPICES
I-3624,CHILI RED PEPPER CRUSHED,1.000,ea,2.267,Kg,SPICES
I-3623,CHILI RED PPR CRUSHD SKR,8.000,each,330.000,g,SPICES
I-3120,CHIP BANANA ,4.000,Kg,1.000,Kg,FOOD - GROCERY
I-11516,CHIP HARDBITE ALL NATURAL,30.000,bag,1.000,bag,"CHIPS, PRETZELS, NUTS"
I-11517,CHIP HARDBITE BBQ,30.000,bag,1.000,bag,"CHIPS, PRETZELS, NUTS"
I-11519,CHIP HARDBITE JALAPENO,30.000,bag,1.000,bag,"CHIPS, PRETZELS, NUTS"
I-11518,CHIP HARDBITE SALT&VIN,30.000,bag,1.000,bag,"CHIPS, PRETZELS, NUTS"
I-3221,CHIP HARDBITE WLD ONION & YOG,30.000,bag,1.000,bag,"CHIPS, PRETZELS, NUTS"
I-19283,CHIP HARDBITE*GOURMET BULK,5.000,bag,1.000,bag,"CHIPS, PRETZELS, NUTS"
I-3213,CHIP SUN FRENCH ONION TFC,40.000,bag,1.000,bag,"CHIPS, PRETZELS, NUTS"
I-3214,CHIP SUN GARDEN SALSA TFC,40.000,bag,1.000,bag,"CHIPS, PRETZELS, NUTS"
I-3215,CHIP SUN HARVEST CHED TFC,40.000,bag,1.000,bag,"CHIPS, PRETZELS, NUTS"
I-25198,CHIP TERRA EXOTIC VEG,24.000,ea,1.000,ea,"CHIPS, PRETZELS, NUTS"
I-18634,CHIP TERRA ORIGINAL,12.000,ea,1.000,ea,"CHIPS, PRETZELS, NUTS"
I-3217,CHIP TORTILLA *TRICOLOUR BLK,6.000,bag,1.000,Kg,"CHIPS, PRETZELS, NUTS"
I-17687,CHIPS COCONUT ,24.000,each,1.000,ea,BAKED GOODS
I-26462,CHIPS COCONUT RIBBON,25.000,lb,454.000,g,BAKED GOODS
I-41150,CHIPS TORTILLA SALTED,12.000,each,1.000,each,"CHIPS, PRETZELS, NUTS"
I-3222,CHOC CHIPPER SUPREME 4000CT,12.000,Kg,1.000,Kg,BAKED GOODS
I-57545,CHUCK FLAT BONELESS FZN,3.300,Kg,1.000,Kg,MEAT
I-32363,CHUTNEY MANGO TAMARIND,10.000,lb,1.000,lb,FOOD - GROCERY
I-65714,CHUTNEY MANGO*TAMARIND,2.000,pak,2267.000,g,FOOD - GROCERY
I-1253,CIABATTA 3.5X6 ,8.000,CT,1.000,CT,BREAD
I-11854,CIABATTA TUSCANO ,12.000,CT,1.000,CT,BREAD
I-17151,CIABATTA TUSCANO SLICED,12.000,CT,1.000,CT,BREAD
I-2979,CINNAMON GROUND BULK,5.000,lb,454.000,g,SPICES
I-3625,CINNAMON GROUND SHAKER ,8.000,each,454.000,g,SPICES
I-5977,"CINNAMON STICK 6"" WHOLE",5.000,lb,45.000,piece,BAKED GOODS
I-3627,CINNAMON STICK 6IN BOX,8.000,each,11.850,oz,SPICES
I-44472,CITRIC ACID,1.000,each,1000.000,g,FOOD - GROCERY
I-62863,CK|G&G|HMR|Meat Ball & Pasta.,1.000,ea,1.000,ea,PRODUCTION FOOD
I-63977,CK|G&G|Pot|Chia Seasonal ,1.000,ea,1.000,ea,PRODUCTION FOOD
I-62866,CK|G&G|Pot|Crudite w/Ranch.,1.000,ea,1.000,ea,PRODUCTION FOOD
I-62890,CK|G&G|Pot|Seasonal Fruit.,1.000,ea,1.000,ea,PRODUCTION FOOD
I-66030,CK|Pot|Mango Pudding 6ea,1.000,ea,6.000,CT,PRODUCTION FOOD
I-29174,CLAM BABY MANILA OW,1.000,lb,1.000,lb,SEAFOOD
I-21728,CLOVERLEAF TRAD HUMMUS SNACKS,12.000,ea,1.000,ea,MM Grocery
I-11215,CLOVES (WHOLE),1.000,each,1.001,lb,SPICES
I-3628,CLOVES GROUND TFC,1.000,ea,454.000,g,SPICES
I-1471,COCOA POWDER 22/24% DUTCH,11.000,lb,1.000,lb,BAKING-RAW INGREDIENTS
I-2980,COCOA POWDER 3 KG,3.000,Kg,1.000,Kg,FOOD - GROCERY
I-40951,COCONUT CHIP RIBBON CUT,5.000,Kg,1000.000,g,BAKING-RAW INGREDIENTS
I-46311,COCONUT CLUSTER PU,1.000,ea,1.000,pak,CANDIES SNACKS
I-42141,COCONUT CLUSTERS CRAN & NUTS,1.000,ea,1.000,pak,CANDIES SNACKS
I-42142,COCONUT CLUSTERS DARK CHOCO,1.000,ea,1.000,pak,CANDIES SNACKS
I-42140,COCONUT CLUSTERS SUPER SEED,1.000,ea,1.000,pak,CANDIES SNACKS
I-3224,COCONUT MILK 17/19% SM CAN,12.000,SM CAN,400.000,ml,FOOD - GROCERY
I-3223,COCONUT MILK*17/19% MILK FAT,6.000,JUG,2.840,L,FOOD - GROCERY
I-3225,COCONUT MILK*CREAM,6.000,LG CAN,2.840,L,FOOD - GROCERY
I-12823,COD GREY 4oz LOIN OW,1.000,lb,1.000,lb,SEAFOOD
I-49251,COD LING MEAT  OW,1.000,lb,1.000,lb,SEAFOOD
I-52609,COFFEE COLD BREW FLASH BLACK ,6.000,each,1.000,ea,BEVERAGE
I-52636,COFFEE COLD BREW FLASH MOCHA,6.000,each,1.000,ea,BEVERAGE
I-53014,COFFEE ICE TM HRTN DBL DBL,12.000,each,1.000,ea,BEVERAGE
I-53016,COFFEE ICE TM HRTN ICD CPP VAN,12.000,each,1.000,ea,BEVERAGE
I-13327,COFFEE LUSH 42 X 110G,42.000,pak,1.000,pak,FAIR TRADE
I-2501,COFFEE SUPER DARK 110g,42.000,pak,1.000,pak,FAIR TRADE
I-1641,COKE CLASSIC 1L,12.000,L,1.000,L,BEVERAGE
I-1643,COKE CLASSIC 2L,8.000,ea,1.000,bottle,BEVERAGE
I-1640,COKE CLASSIC 355ML,24.000,355ML,1.000,ea,BEVERAGE
I-1639,COKE CLASSIC*500ML,24.000,500ML,1.000,500ML,BEVERAGE
I-1648,COKE DIET 500ML,24.000,500ML,1.000,500ML,BEVERAGE
I-63055,COKE DIET BLACKBERRY 500ML,24.000,bottle,1.000,bottle,BEVERAGE
I-61327,COKE DIET XTRA TOAST VAN 500ML,24.000,bottle,1.000,bottle,BEVERAGE
I-1649,COKE DIET*355ML,24.000,355ML,1.000,ea,BEVERAGE
I-1651,COKE DIET*BIB 20L,1.000,20lt,20.000,L,BEVERAGE
I-31093,COKE LIFE 500ML,24.000,500ML,1.000,ea,BEVERAGE
I-61329,COKE VAN 500ML,24.000,bottle,1.000,bottle,BEVERAGE
I-1634,COKE ZERO 500ML,24.000,500ML,1.000,500ML,BEVERAGE
I-1638,COKE ZERO*BIB 10L,1.000,BIB 10L,10.000,L,BEVERAGE
I-4344,COLLARDS 24CT,10.000,lb,0.500,CT,PRODUCE
I-25119,CONT PLAS CLR W/LID TEAR 16OZ,240.000,ea,1.000,ea,DISPOSABLES
I-25121,CONT PLAS CLR W/LID TEAR 24OZ,200.000,each,1.000,ea,DISPOSABLES
I-1081,COOKIE CHOC CHIP IND WRPD TFC,72.000,CT,1.000,CT,BAKED GOODS
I-1083,COOKIE CHOC*CHIP T/S,72.000,CT,1.000,CT,BAKED GOODS
I-1085,COOKIE DOUGH CHOC CHIP DBL TFC,85.000,g,1.000,g,BAKING-RAW INGREDIENTS
I-1089,COOKIE DOUGH CHOC CHIP LG,85.000,CT,1.000,CT,BAKING-RAW INGREDIENTS
I-1093,COOKIE DOUGH MONSTER M&M TFC,85.000,CT,1.000,CT,BAKING-RAW INGREDIENTS
I-1096,COOKIE DOUGH*OATMEAL RAISIN LG,85.000,CT,1.000,CT,BAKING-RAW INGREDIENTS
I-1100,COOKIE DOUGH*WTE/CHOC MAC/NUT ,1.000,cs,85.000,g,BAKING-RAW INGREDIENTS
I-1388,COOKIE GF ALMOND BUTTER,12.000,CT,1.000,CT,BAKED GOODS
I-13788,COOKIE GF CHOC CHIP,12.000,each,1.000,ea,BAKED GOODS
I-1392,COOKIE GF GINGER VEGAN ,12.000,CT,1.000,CT,BAKED GOODS
I-38713,COOKIE PUMPKIN SUGAR,12.000,CT,1.000,CT,BAKED GOODS
I-64917,COOKIE SANDWICH RASP GF,12.000,ea,1.000,each,BAKED GOODS
I-49595,COOKIE SUGAR SHAMROCK SHAPE ,160.000,each,1.000,each,BAKED GOODS
I-49928,COOKIES-Easter Egg,1.000,ea,1.000,ea,FOOD - GROCERY
I-63681,COPENHAGEN EACH,1.000,ea,1.000,ea,BAKED GOODS
I-64234,CORE POWER BANANA 414ML,12.000,414ML,1.000,414ML,BEVERAGE
I-63749,CORE POWER CHOC ELITE,12.000,414ML,1.000,414ML,BEVERAGE
I-53847,CORE POWER CHOCO 414ML,12.000,414ML,1.000,414ML,BEVERAGE
I-53846,CORE POWER STRAW BAN 414ML,12.000,414ML,1.000,414ML,BEVERAGE
I-19298,CORE POWER VANIL 414ml,12.000,bottle,1.000,bottle,BEVERAGE
I-3629,CORIANDER GROUND* ,1.000,ea,14.000,oz,SPICES
I-4345,CORN 48 CT BI COLOUR,48.000,CT,1.000,CT,PRODUCE
I-4623,CORN BI-COLOR (48CT) US,1.000,CT,1.000,CT,PRODUCE
I-37470,CORN HOMINY,6.000,LG CAN,2835.000,g,FOOD - GROCERY
I-11094,CORN KERNALS FRZN,2.000,Kg,1.000,Kg,PRODUCE
I-4978,CORN KERNEL WHOLE GRADE A,6.000,bag,2.000,Kg,PRODUCE
I-6875,CORN WHL*KERNEL FRZN,2.000,bag,1.000,Kg,PRODUCE
I-32265,CORN/SHRIMP PORK BALL OW,50.000,ea,1.000,ea,FOOD - GROCERY
I-3231,CORNMEAL YEL,10.000,Kg,1.000,Kg,FOOD - GROCERY
I-3233,COUSCOUS MED REG,10.000,Kg,1.000,Kg,FOOD - GROCERY
I-7701,COUSCOUS WW,6.000,box,0.908,Kg,FOOD - GROCERY
I-3237,CRACKER SODA*SALTED IND TFC,1.000,cs,500.000,pak,FOOD - GROCERY
I-3239,CRANBERRY DRIED*TFC,2.000,bag,2.100,Kg,FOOD - GROCERY
I-4979,CRANBERRY WHOLE GRADE A IQF,5.000,Kg,1.000,Kg,PRODUCE
I-1473,CREAM CHEESE BEATRICE,20.000,Kg,1.000,Kg,DAIRY
I-2217,CREAM WHIP 33% 1L (RED),1.000,L,1.000,L,DAIRY
I-2188,CREAM WHIP*REAL 12X400G ,12.000,CT,400.000,g,DAIRY
I-65799,CREAMO10% 946ML,1.000,un,946.000,ml,DAIRY
I-2586,CREPE 7IN*,100.000,CT,1.000,CT,BAKED GOODS
I-7172,CROISSANT ALMOND EACH,1.000,CT,1.000,CT,BAKED GOODS
I-29689,CROISSANT BUTTER CHOCOLATE,60.000,ea,1.000,ea,BAKED GOODS
I-29690,CROISSANT BUTTER LARGE,80.000,ea,1.000,ea,BAKED GOODS
I-29688,CROISSANT BUTTER MULTIGRAIN,54.000,ea,1.000,ea,BAKED GOODS
I-1174,CROISSANT CHEESE. ,48.000,CT,1.000,CT,BAKED GOODS
I-1212,CROISSANT HAM & CHEESE ,4.000,ea,1.000,ea,BAKED GOODS
I-11881,CROISSANT MINI CHOCOLATE,160.000,CT,1.000,CT,BAKED GOODS
I-19681,"CROISSANT SPINCH, RED PEP FETA",1.000,CT,1.000,CT,BAKED GOODS
I-4626,CUCUMBER BC,12.000,CT,1.000,CT,PRODUCE
I-4628,CUCUMBER LE (12 CT)MX,3.000,HEAD,1.000,HEAD,PRODUCE
I-4347,CUCUMBER LONG ENGLISH ,12.000,CT,1.000,CT,PRODUCE
I-4629,CUCUMBER SHREDDED ,5.000,lb,1.000,lb,PRODUCE
I-6832,CUMIN GRND*,1.000,ea,425.000,g,SPICES
I-3630,CUMIN SEED GROUND ,8.000,ea,16.010,oz,SPICES
I-1037p,CUP PLAS CL 9Z PET,1000.000,CT,1.000,CT,DISPOSABLES
I-1079p,CUP PLAS CLR 12Z PET,20.000,SLEEVE,50.000,CT,DISPOSABLES
I-1012p,CUP PPR HOT WHT 12Z,1000.000,CT,1.000,CT,DISPOSABLES
I-1011p,CUP PPR HOT WHT 16Z,20.000,SLEEVE,50.000,CT,DISPOSABLES
I-64921,CUPCAKE COCONUT GF VEGAN,12.000,each,1.000,each,BAKED GOODS
I-1965,CUPCAKE VANILLA ,48.000,ea,1.000,ea,BAKED GOODS
I-42360,CURRY POWDER MADRAS HOT,8.000,ea,454.000,g,SPICES
I-3631,CURRY POWDER*SHAKER TFC,1.000,each,520.000,g,SPICES
I-9832,DAIKON,40.000,lb,1.000,lb,PRODUCE
I-4633,DAIKON JULIENNE US,5.000,lb,1.000,lb,PRODUCE
I-4635,DAIKON SHREDDED US,5.000,lb,1.000,lb,PRODUCE
I-29693,DANISH CHERRY GREEK YOG,60.000,ea,1.000,ea,BAKED GOODS
I-29700,DANISH CUSTARD CROWN,48.000,ea,1.000,ea,BAKED GOODS
I-29699,DANISH MAPLE PECAN,48.000,ea,1.000,ea,BAKED GOODS
I-1115,DANISH MINI ASSORTED,120.000,ea,1.000,CT,BAKED GOODS
I-18638,DANISH MINI CINNAMON ,120.000,ea,1.000,ea,BAKED GOODS
I-1116,DANISH RASPBERRY CROWN,48.000,ea,1.000,ea,BAKED GOODS
I-20206,DATE DRY PITTED,12.500,Kg,1.000,Kg,FOOD - GROCERY
I-41642,DDP BULK BANANA CHIPS,6356.000,g,1.000,g,"MM Snack Nuts, Fruit, Mixes"
I-41633,DDP BULK CHOC ALMOND BARK,6800.000,g,1.000,g,CANDIES SNACKS
I-41636,DDP BULK CHOCOLATE RAISINS,12000.000,g,1.000,g,CANDIES SNACKS
I-41632,DDP BULK DRIED STRAWBERRY,5000.000,g,1.000,g,CANDIES SNACKS
I-41646,DDP BULK FRUIT LOOP MEDLEY,11340.000,g,1.000,g,MM Grocery Cereal
I-46900,DDP Bulk Mango Slices Unsulph,5000.000,g,1.000,g,MM CANDY Bulk
I-41645,DDP BULK PINEAPPLE TIDBITS,5000.000,g,1.000,g,MM Grocery Cereal
I-41635,DDP BULK RAW ENERGY  MIX,11340.000,g,1.000,g,CANDIES SNACKS
I-41647,DDP BULK YOGURT RAISINS,12000.000,g,1.000,g,MM CANDY Gum & Mints
I-1478,DÃ‰COR WAFERS DARK,5000.000,g,1.000,g,BAKING-RAW INGREDIENTS
I-4637,DILL BABY BC,1.000,lb,1.000,lb,PRODUCE
I-11562,DILL WEED FRESH,1.000,lb,1.000,lb,PRODUCE
I-3634,DILL WEED SHAKER ,8.000,ea,180.000,g,SPICES
I-32268,DIM SUM BEEF BALLS,50.000,ea,1.000,ea,FOOD - GROCERY
I-9346,DIM SUM CHICKEN BUN,50.000,CT,1.000,CT,FOOD - GROCERY
I-46598,DIM SUM VEGETABLE BUN,60.000,ea,1.000,ea,FOOD - GROCERY
I-43973,DOLE FruitPud Mango,6.000,ea,1.000,ea,MM Snack Popcorn & Other
I-43238,DONUT CHURRO*,96.000,each,1.000,each,BAKED GOODS
I-19907,DONUT MINI CHOC COATED BITES,16.000,pak,14.000,piece,BAKED GOODS
I-19909,DONUT MINI OLD FASIONED BITES,16.000,pak,14.000,piece,BAKED GOODS
I-19908,DONUT MINI POWDERED BITES,16.000,pak,16.000,piece,BAKED GOODS
I-28769,DRESSING|Caesar 4L,1.000,ea,4.000,L,PRODUCTION FOOD
I-19700,DUMPLING PORK JAPANESE 5PC,1.000,pak,1.000,pak,SUSHI
I-34617,EASTER|Egg Cookies  6ea,6.000,ea,1.000,ea,PRODUCTION FOOD
I-34618,EASTER|Hot Cross Bun 6ea,6.000,ea,1.000,ea,PRODUCTION FOOD
I-55664,EASTER|Pot|Chia Pudding Lemon,1.000,each,1.000,each,PRODUCTION FOOD
I-2596,ECLAIR CHOCOLATE*TFC,4.000,pak,684.000,g,BAKED GOODS
I-68700,EGG CKD*FOLDED  VEGAN FRZ,60.000,each,1.000,each,DAIRY
I-2159,EGG FREE*RUN LOOSE PACK,15.000,DOZ,12.000,CT,DAIRY
I-2156,EGG LIQ*WHL KOSHER FRSH ESL BG,2.000,bag,10.000,Kg,DAIRY
I-68699,EGG LIQ*WHL VEGAN JUST EGG,12.000,ea,1.000,each,DAIRY
I-2158,EGG LRG BRN FR LOOSE PACK,15.000,DOZ,12.000,CT,DAIRY
I-2163,EGG PATTY FRIED NATURAL SHAPED,144.000,PTN,1.000,PTN,DAIRY
I-2166,EGG WHITE LIQUID GABLETOP,12.000,Kg,1.000,Kg,DAIRY
I-4641,"EGGPLANT DICED 3/4 US""",5.000,lb,1.000,lb,PRODUCE
I-4642,EGGPLANT JAPANESEMX,30.000,lb,1.000,lb,PRODUCE
I-4640,EGGPLANT MX,24.000,CT,1.000,CT,PRODUCE
I-1196,ENGLISH MUFFIN (6 PACK),6.000,CT,1.000,CT,BREAD
I-1197,ENGLISH MUFFIN*WHOLE WHEAT ,6.000,pak,12.000,CT,BREAD
I-20348,EXTRACT VANILLA,1.000,bottle,500.000,ml,FOOD - GROCERY
I-3283,EXTRACT VANILLA CLEAR ARTIF,1.000,500ML,1.000,L,FOOD - GROCERY
I-3284,EXTRACT VANILLA*PURE,1.000,500ML,1.000,500ML,FOOD - GROCERY
I-3898,FALAFEL BALL*300CT,5.000,Kg,1.000,Kg,MEAT
I-1659,FANTA ORANGE 473ML,12.000,473ML,1.000,473ML,BEVERAGE
I-13903,FENNEL UBC,1.000,lb,1.000,lb,PRODUCE
I-19540,FENUGREEK LEAVES DRY,454.000,g,1.000,g,FOOD - GROCERY
I-22494,FLAX SEED,4.000,bag,680.000,g,FOOD - GROCERY
I-3290,FLOUR A/P*BLEACHED TFC,20.000,Kg,1.000,Kg,FOOD - GROCERY
I-3291,FLOUR ALL PURPOSE BAKER'S HOOD,20.000,Kg,1.000,Kg,FOOD - GROCERY
I-10865,FLOUR AP/UNBLEACHED TFC,20.000,Kg,1.000,Kg,FOOD - GROCERY
I-43852,FLOUR CHICK*PEA ,22.050,lb,454.000,g,FOOD - GROCERY
I-11189,FLOUR RICE WHITE,5.000,Kg,1.000,Kg,FOOD - GROCERY
I-7055,FOCACCIA,1.000,SHEET,1.000,SHEET,BREAD
I-1122,FRENCH TOAST*CINNAMON FRENCH,1.000,cs,72.000,CT,FOOD - GROCERY
I-1665,FRESCA 500ML,24.000,500ML,1.000,500ML,BEVERAGE
I-2603,FRIES 3/8IN*W/SKIN TFC,6.000,bag,4.500,lb,PRODUCE
I-2609,FRIES SWT POTATO 5/16IN FZN,6.000,bag,2.500,lb,PRODUCE
I-36612,FRUIT STRIP GF BERRY SPINACH,20.000,ea,1.000,ea,CANDIES SNACKS
I-36611,FRUIT STRIP GF CINNAMON BEET,20.000,ea,1.000,ea,CANDIES SNACKS
I-36613,FRUIT STRIP GF SWEET POTATO ,20.000,ea,1.000,ea,CANDIES SNACKS
I-19898,FUDGE - CHECKERS 155g,12.000,ea,1.000,ea,FOOD - GROCERY
I-5161,FUJI SUSHI COMBO 10PC,1.000,pak,10.000,CT,SUSHI
I-37131,G&G|Dip|Hummus,1.000,ea,1.000,ea,PRODUCTION FOOD
I-37124,G&G|HMR|Chickpea Curry,1.000,ea,1.000,ea,PRODUCTION FOOD
I-45535,G&G|Pot|Bean & Corn ,1.000,ea,1.000,each,PRODUCTION FOOD
I-28682,G&G|Pot|Blueberry Chia ,1.000,ea,1.000,ea,PRODUCTION FOOD
I-37122,G&G|Pot|Chia Pudding,1.000,ea,1.000,ea,PRODUCTION FOOD
I-54007,G&G|Pot|Chia Pudding Eggnog,1.000,ea,1.000,ea,PRODUCTION FOOD
I-45534,G&G|Pot|Crudite w/Hummus,1.000,each,1.000,ea,PRODUCTION FOOD
I-45533,G&G|Pot|Matcha Chia,1.000,each,1.000,ea,PRODUCTION FOOD
I-45532,G&G|Pot|Mediterranean,1.000,ea,1.000,each,PRODUCE
I-37119,G&G|Pot|Over Night Oat ,1.000,ea,1.000,ea,PRODUCTION FOOD
I-45531,G&G|Pot|Overnight Quinoa,1.000,ea,1.000,each,PRODUCTION FOOD
I-46612,G&G|Pot|Pumpkin Pie Chia,1.000,ea,1.000,ea,PRODUCTION FOOD
I-28683,G&G|Pot|Salted Caramel ,1.000,ea,1.000,ea,PRODUCTION FOOD
I-28691,G&G|Pot|Tropical Fruit,1.000,ea,1.000,ea,PRODUCTION FOOD
I-28689,G&G|Pot|Wild Berry,1.000,ea,1.000,ea,PRODUCTION FOOD
I-45659,G&G|Pot|Yogurt Berries,1.000,ea,1.000,ea,PRODUCTION FOOD
I-45660,G&G|Pot|Yogurt Tropical ,1.000,ea,1.000,ea,PRODUCTION FOOD
I-52132,G&G|Salad Cobb,1.000,ea,1.000,ea,PRODUCTION FOOD
I-52131,G&G|Salad Cobb w/Chicken,1.000,ea,1.000,ea,PRODUCTION FOOD
I-52130,G&G|Salad Crunchy Kale,1.000,ea,1.000,ea,PRODUCTION FOOD
I-52129,G&G|Salad Crunchy Kale sal,1.000,ea,1.000,ea,PRODUCTION FOOD
I-37115,G&G|Salad|Fiesta,1.000,ea,1.000,ea,PRODUCTION FOOD
I-37114,G&G|Salad|Fiesta w/Chicken,1.000,ea,1.000,ea,PRODUCTION FOOD
I-37113,G&G|Salad|Kale Caesar,1.000,ea,1.000,ea,PRODUCTION FOOD
I-37112,G&G|Salad|Kale Caesar w/Chick,1.000,ea,1.000,ea,PRODUCTION FOOD
I-37111,G&G|Salad|Med Chickpea,1.000,ea,1.000,ea,PRODUCTION FOOD
I-37110,G&G|Salad|Med Chickpea w/sal,1.000,ea,1.000,ea,PRODUCTION FOOD
I-37109,G&G|Salad|Nicoise w/Tofu,1.000,ea,1.000,ea,PRODUCTION FOOD
I-4653,GAI LAN US,30.000,lb,1.000,lb,PRODUCE
I-11207,GARAM MASALA ,8.000,ea,454.000,g,SPICES
I-4657,GARLIC PEELED,5.000,lb,1.000,lb,PRODUCE
I-3632,GARLIC POWDER ,1.000,ea,525.000,g,SPICES
I-42196,GELATI SANDWICH MOCHA,24.000,ea,1.000,ea,ICECREAM/NOVELTY/GELATO
I-42200,GELATO BLISS BAR COCONUT,24.000,ea,1.000,each,ICECREAM/NOVELTY/GELATO
I-42202,GELATO BLISS BAR ESPRESSO,24.000,each,1.000,ea,ICECREAM/NOVELTY/GELATO
I-42197,GELATO BLISS BAR GREEN TEA,24.000,each,1.000,ea,ICECREAM/NOVELTY/GELATO
I-42199,GELATO BLISS BAR HEDGE HOG,24.000,each,1.000,ea,ICECREAM/NOVELTY/GELATO
I-42198,GELATO BLISS BAR MANGO,24.000,ea,1.000,each,ICECREAM/NOVELTY/GELATO
I-42201,GELATO BLISS BAR STRAWB KIWI,24.000,ea,1.000,ea,ICECREAM/NOVELTY/GELATO
I-42203,GELATO BLISS BAR VANILLA,24.000,each,1.000,ea,ICECREAM/NOVELTY/GELATO
I-42204,GELATO CONO PALLA VANILLA,24.000,ea,1.000,each,ICECREAM/NOVELTY/GELATO
I-42210,GELATO MINI CUP VANILLA BEAN,24.000,ea,1.000,ea,ICECREAM/NOVELTY/GELATO
I-42194,GELATO SANDWICH VANILLA,24.000,each,1.000,each,ICECREAM/NOVELTY/GELATO
I-50577,GHOST ITEM,1.000,Dollar,1.000,Dollar,FOOD - GROCERY
I-51440,GHOST NUTRITION OIL,1.000,g,1.000,g,FOOD - GROCERY
I-4658,GINGER ,5.000,lb,1.000,lb,PRODUCE
I-1627,GINGER ALE CD 500ML,24.000,500ML,1.000,500ML,BEVERAGE
I-63547,GINGER ALE DIET 500ML,24.000,ea,1.000,CT,BEVERAGE
I-3633,GINGER GROUND SHAKER TFC,1.000,each,454.000,g,SPICES
I-9685,GINGER PEELED,1.000,lb,1.000,lb,PRODUCE
I-4660,GINGER PEELED ,5.000,lb,1.000,lb,PRODUCE
I-3079,GINGER PICKLED,20.000,lb,0.456,Kg,FOOD - GROCERY
I-16187,GOJOOCHANG,14.000,Kg,1.000,Kg,FOOD - GROCERY
I-33979,GOLD PEAK LEMON TEA,12.000,each,1.000,ea,BEVERAGE
I-33981,GOLD PEAK RASPBERRY TEA,12.000,ea,1.000,ea,BEVERAGE
I-63698,GOUDA BOMBS EACH,1.000,ea,1.000,ea,BAKED GOODS
I-3244,GRAHAM CRUMB COOKIE TFC,4.530,Kg,2.200,lb,BAKING-RAW INGREDIENTS
I-29242,Granola 2kg,1.000,ea,2.000,Kg,PRODUCTION FOOD
I-4664,GRAPEFRUIT PINK CHOICE US 56CT,56.000,CT,1.000,CT,PRODUCE
I-4669,GRAPES GREEN SDLS CH,19.000,lb,1.000,lb,PRODUCE
I-4671,GRAPES RED SDLSUS,19.000,lb,1.000,lb,PRODUCE
I-9830,GRAVY MIX*POUTINE GF,6.000,pak,430.000,g,FOOD - GROCERY
I-3080,GUACAMOLE SOUTHWESTERN STYLE ,12.000,lb,1.000,lb,FOOD - GROCERY
I-29665,GYOZA CHICKEN & VEGETABLE,400.000,ea,1.000,each,FOOD - GROCERY
I-28914,GYOZA VEGETABLE,400.000,ea,1.000,each,FOOD - GROCERY
I-28899,HA GOW OCEANWISE SHRIMP 28gm ,2.000,bag,50.000,each,FOOD - GROCERY
I-49962,HALIBUT BONE OW,1.000,lb,1.000,lb,SEAFOOD
I-19923,HALIBUT STEAK 4OZ.OW,1.000,lb,1.000,lb,SEAFOOD
I-13800,HAM B&R,1.000,Kg,1.000,Kg,DELI & PREPARED MEAT
I-2306,HAM BLACK FOREST slc,6.000,pak,25.000,slice,DELI & PREPARED MEAT
I-2309,HAM FESTIVE ,1.000,Kg,1.000,Kg,DELI & PREPARED MEAT
I-2310,HAM HONEY ,6.000,pak,25.000,slice,DELI & PREPARED MEAT
I-17675,HAM PROSCIUTTO DELI READY GOLD,1.000,Kg,1.000,Kg,MEAT
I-62736,HAMBURGER BUN WW VEGAN 100gr,1.000,ea,1.000,ea,BREAD
I-22493,HEMP HEARTS BULK ORGANIC,1.000,bag,2.270,Kg,FOOD - GROCERY
I-23753,HEMP HEARTS HULLED ORGANIC,1.000,each,1.000,Kg,FOOD - GROCERY
I-4508,HERB BASIL BC,1.000,lb,1.000,lb,PRODUCE
I-4981,HERB BASIL FRESH,1.000,pak,8.000,oz,PRODUCE
I-4617,HERB CHIVES BC,1.000,lb,1.000,lb,PRODUCE
I-4341,HERB CILANTRO BUNCH 30CT,30.000,CT,1.000,CT,PRODUCE
I-4695,HERB ITALIAN PARSLEY BC,30.000,CT,1.000,lb,PRODUCE
I-4708,HERB LEMON GRASS IM,40.000,ea,1.000,lb,PRODUCE
I-4724,HERB MINT BC,1.000,lb,1.000,lb,PRODUCE
I-4767,HERB OREGANO (Calmshell)BC,1.000,pak,4.000,oz,PRODUCE
I-4772,HERB PARSLEY MX,3.000,BUNCH,1.000,BUNCH,PRODUCE
I-10280,HERB PARSLEY UBC,1.000,lb,16.000,oz,PRODUCE
I-4847,HERB ROSEMARY BC,1.000,lb,1.000,lb,PRODUCE
I-4983,HERB ROSEMARY FRESH,1.000,pak,8.000,oz,PRODUCE
I-4848,HERB SAGE BC,1.000,lb,1.000,lb,PRODUCE
I-4917,HERB TARRAGON BC,1.000,lb,1.000,lb,PRODUCE
I-4918,HERB THAI BASIL BC,1.000,lb,1.000,lb,PRODUCE
I-4919,HERB THYME BC,1.000,lb,1.000,lb,PRODUCE
I-7725,HERB THYME FRESH,8.000,oz,1.000,oz,PRODUCE
I-37880,HONEY LIQUID BLUEBERRY,12.000,Kg,1.000,Kg,FOOD - GROCERY
I-3321,HONEY LIQUID SQUEEZE Bott,6.000,Kg,1.000,Kg,FOOD - GROCERY
I-1779,HOT CHOC LT INST PORT,300.000,pak,1.000,pak,BEVERAGE
I-10605,"HOT DOG BUN 7""",1.000,CT,1.000,CT,BREAD
I-1047,HOT DOG SLIDER SLCD FZN,12.000,bag,12.000,CT,BREAD
I-10775,"HOT DOG*BEEF 6"" NATHAN",2.000,pak,8.000,CT,MEAT
I-3914,HOT DOG*VEG 7IN 5/LB FZN TFC,10.000,lb,5.000,CT,MEAT
I-41251,HUNTS PUDDING CHOCOLATE ,12.000,ea,1.000,ea,MM Snack Popcorn & Other
I-41252,HUNTS Pudding Vanilla,12.000,ea,1.000,ea,FOOD - GROCERY
I-49562,ICE TEA GOLD PEAK GRN PEACH,12.000,ea,1.000,ea,BEVERAGE
I-46620,ICE TEA GRN GOLD PEAK,12.000,ea,1.000,ea,BEVERAGE
I-46622,ICE TEA UNSWT GOLD PEAK,12.000,ea,1.000,ea,BEVERAGE
I-45753,"ICED TEA PEACE "" GREENEST """,12.000,ea,1.000,ea,BEVERAGE
I-43257,ICED TEA PEACE LEMON 695ML,12.000,ea,1.000,ea,BEVERAGE
I-32466,ICED TEA PEACE PEACH 695ML,12.000,ea,1.000,ea,BEVERAGE
I-2481,ICED TEA PEACE RAZLEBERY 695ML,12.000,bottle,1.000,bottle,BEVERAGE
I-45297,JACK FRUIT CANNED,24.000,can,0.565,Kg,FOOD - GROCERY
I-3323,JAM BLUEBERRY PURE PORT TFC,200.000,PTN,1.000,PTN,FOOD - GROCERY
I-3324,JAM MARMORANGE PURE PORT ,200.000,PTN,1.000,PTN,FOOD - GROCERY
I-3325,JAM RASPBERRY PURE PORT TFC,200.000,PTN,1.000,PTN,FOOD - GROCERY
I-3326,JAM STRAWBERRY*PURE PORT,1.000,cs,200.000,PTN,FOOD - GROCERY
I-47440,JAMAICAN PATTY MILD,36.000,ea,1.000,ea,MEAT
I-47441,JAMAICAN PATTY SPICY,36.000,ea,1.000,ea,MEAT
I-3327,JELLY GRAPE PURE PORT TFC,200.000,PTN,1.000,PTN,FOOD - GROCERY
I-3334,JELLY POWDER*RASPB TFC,2.000,bag,1.000,Kg,FOOD - GROCERY
I-1790,JUICE APPLE 100% UNSWT TETRA,40.000,PTN,1.000,PTN,BEVERAGE
I-43252,JUICE APPLE MM 355ML,12.000,355ML,1.000,355ML,BEVERAGE
I-13969,JUICE APPLE SIMPLY  340ML,12.000,ea,1.000,each,BEVERAGE
I-1792,JUICE APPLE*CONC 6+1 TFC,4.000,JUG,3.000,L,BEVERAGE
I-49642,JUICE COLD PRESS BIG BANG ,6.000,ea,1.000,ea,BEVERAGE
I-49643,JUICE COLD PRESS HIGH ACHIEV,6.000,ea,1.000,ea,BEVERAGE
I-49644,JUICE COLD PRESS MORNING GLORY,6.000,ea,1.000,ea,BEVERAGE
I-49645,JUICE COLD PRESS UNDERCOVER,6.000,ea,1.000,ea,BEVERAGE
I-43255,JUICE CRAN MM CKTL 355ML,12.000,each,1.000,355ML,BEVERAGE
I-43256,JUICE GRAPEFRUIT MM 355ML,12.000,355ML,1.000,355ML,BEVERAGE
I-1813,JUICE LEMON FRESH JUG,6.000,JUG,64.000,fl oz,BAKING-RAW INGREDIENTS
I-1758,JUICE LEMON SUN ORCHARD,1.000,JUG,64.000,fl oz,BEVERAGE
I-1690,JUICE LEMONADE MM 355ML,12.000,355ML,1.000,355ML,BEVERAGE
I-13967,JUICE LEMONADE SIMPLY RASPBERY,12.000,340ML,1.000,340ML,BEVERAGE
I-6443,JUICE LIME*FRESH JUG,6.000,JUG,64.000,fl oz,BAKING-RAW INGREDIENTS
I-13968,JUICE ORANGE SIMPLY  340ML,12.000,ea,1.000,ea,BEVERAGE
I-1820,JUICE ORANGE UNSWEETENED TETRA,12.000,L,1.000,L,BEVERAGE
I-1816,JUICE ORANGE*CONC 5+1 TFC,4.000,JUG,2.660,L,BEVERAGE
I-43253,JUICE ORANGE*MM 355ML,12.000,355ML,1.000,355ML,BEVERAGE
I-41738,JUICE PEACH*SIMPLY 340ml,12.000,340ML,1.000,each,BEVERAGE
I-1821,JUICE PINEAPPLE TETRA,12.000,bottle,960.000,ml,BEVERAGE
I-1814,JUICE REALEMON PLAS 945ML,12.000,945ML,945.000,ml,BEVERAGE
I-1827,JUICE TOMATO*CAN,6.000,LG CAN,1.820,L,BEVERAGE
I-13254,KALE BABY GREEN,2.000,lb,1.000,lb,PRODUCE
I-4699,KALE GREEN (24CT) ,3.000,HEAD,1.000,g,PRODUCE
I-4698,KALE GREENUS,24.000,CT,1.000,CT,PRODUCE
I-10282,KALE UBC FARM,10.000,lb,1.000,lb,PRODUCE
I-7702,KAMUT,6.000,box,0.908,Kg,FOOD - GROCERY
I-43623,KASHI BAR CHOC BANANA GRAN NUT,72.000,each,1.000,each,FOOD - GROCERY
I-43622,KASHI BAR DK CHOC ESPRESSO NUT,72.000,each,1.000,each,FOOD - GROCERY
I-43625,KASHI BAR PISTACHIO LEMON FIG,72.000,ea,1.000,each,FOOD - GROCERY
I-43624,KASHI BAR RASP DK CHOC HZLNUT ,72.000,ea,1.000,ea,FOOD - GROCERY
I-11216,KASOORI METHI MDH,1.000,Kg,1.000,Kg,SPICES
I-43986,KELLOGGS Fun Pack Cereal,15.000,ea,1.000,ea,MM Grocery Cereal
I-17932,KELP KONBU,1.000,pak,1.000,Kg,PRODUCE
I-3336,KETCHUP BIG*RED PLAS,6.000,JUG,2.840,L,FOOD - GROCERY
I-3337,KETCHUP CRYO*,2.000,bag,6.000,L,FOOD - GROCERY
I-21532,KIMCHI - 1ST CHOICE CUT VEGAN,8.000,each,908.000,g,FOOD - GROCERY
I-54025,KIMCHI VEGETARIAN SUN TIGER,4.000,each,2.000,L,FOOD - GROCERY
I-52126,KIND Chia Apple Mango,12.000,ea,1.000,ea,FOOD - GROCERY
I-52125,KIND Chia Apple Straw,12.000,ea,1.000,ea,FOOD - GROCERY
I-4702,KIWI FRUITUS,36.000,HEAD,1.000,HEAD,PRODUCE
I-3843,LAMB GRDFR,1.000,Kg,1.000,Kg,MEAT
I-13425,LAMB LEG BNLS COMMODITY AUST,1.000,Kg,1.000,Kg,MEAT
I-8033,LAMB STEW BNLS CDN,5.000,Kg,1.000,Kg,MEAT
I-54757,LAMON CAFE ALMOND,1.000,each,1.000,each,CANDIES SNACKS
I-54756,LAMON CHOC ALMOND,1.000,each,1.000,each,CANDIES SNACKS
I-54758,LAMON CHOC COCON ALMOND,1.000,each,1.000,each,CANDIES SNACKS
I-54761,LAMON CHOC CRANBERRY,1.000,each,1.000,each,CANDIES SNACKS
I-54759,LAMON CHOC PISTACHIO,1.000,each,1.000,each,CANDIES SNACKS
I-54755,LAMON CHOC RAISINS,1.000,each,1.000,each,CANDIES SNACKS
I-11312,LEAF MAKRUT LIME,30.000,g,0.036,oz,PRODUCE
I-4703,LEEKS BC,5.000,lb,1.000,lb,PRODUCE
I-19615,LEEKS UBC,1.000,lb,1.000,lb,PRODUCE
I-6876,LEMONS 140 CT,3.000,lb,1.000,lb,PRODUCE
I-4709,LEMONS CHOICEUS,140.000,CT,1.000,CT,PRODUCE
I-3340,LENTILS GREEN*BAG,6.000,bag,1.500,Kg,FOOD - GROCERY
I-3341,LENTILS RED*SPLIT,10.000,Kg,1.000,Kg,FOOD - GROCERY
I-4463,LETTUCE ARUGULA (WILD ORG)US,1.000,lb,1.000,lb,PRODUCE
I-10278,LETTUCE ARUGULA UBC,10.000,lb,1.000,lb,PRODUCE
I-10923,LETTUCE ARUGULA WILD BABY,2.000,bag,0.907,lb,PRODUCE
I-4677,LETTUCE GREEN LEAF (LINER) US,3.000,CT,1.000,CT,PRODUCE
I-4673,LETTUCE GREEN LEAF FILLET US,10.000,lb,1.000,lb,PRODUCE
I-4693,LETTUCE ICEBERG (LINER)US,24.000,CT,1.000,CT,PRODUCE
I-4823,LETTUCE RADICCHIO US,12.000,HEAD,1.000,HEAD,PRODUCE
I-6777,LETTUCE ROMAINE(LINER),24.000,CT,1.000,CT,PRODUCE
I-10760,LETTUCE SWISS CHARD RED ,1.000,HEAD,1.000,HEAD,PRODUCE
I-4915,LETTUCE SWISS CHARD RED BC,12.000,HEAD,1.000,HEAD,PRODUCE
I-1054p,LID DOME CLR F/ CUP PET 9-20Z,1000.000,CT,1.000,CT,DISPOSABLES
I-1165p,LID DOME W/H FIT TP9/TP12/TN20,20.000,SLEEVE,50.000,CT,DISPOSABLES
I-4712,LIMES MX,140.000,CT,1.000,CT,PRODUCE
I-47962,LOAF BANANA (7 PORTION SLICES),6.000,LOAF,7.000,slice,BAKED GOODS
I-1189,LOAF CRAN DATE MG,8.000,CT,1.000,CT,BREAD
I-19634,LOAF FRENCH BREAD,1.000,ea,1.000,LOAF,BREAD
I-47963,LOAF LEMON (8 PORTION SLICES),8.000,LOAF,8.000,slice,BAKED GOODS
I-1232,LOAF LIGHT RYE LG,1.000,LOAF,30.000,slice,BREAD
I-11664,LOAF MULTIGRAIN SANDWICH ,1.000,CT,1.000,LOAF,BREAD
I-24229,LOAF ORGANIC  PAN SLD CHEEKY,1.000,LOAF,1.000,LOAF,BREAD
I-15032,LOAF SOURDOUGH 5/8 COUNTRY CLU,1.000,CT,1.000,LOAF,BREAD
I-1274,LOAF WHITE SANDWICH ,1.000,CT,22.000,slice,BREAD
I-12478,LOAF WHLWHT 5/8 CLUBHOUSE,8.000,LOAF,1.000,LOAF,BREAD
I-44105,LOOP Beach Bum,6.000,ea,1.000,ea,BEVERAGE
I-52122,LOOP King of the Hill,6.000,ea,1.000,ea,BEVERAGE
I-52124,LOOP Loco Local,6.000,ea,1.000,ea,BEVERAGE
I-19905,MACAROON CHOC TWO BITE 280g,20.000,bag,1.000,bag,BAKED GOODS
I-19906,MACAROON COCONUT TWO BITE 280g,20.000,bag,1.000,bag,BAKED GOODS
I-14349,MACAROON PANIFRANCE,1.000,tray,72.000,CT,BAKED GOODS
I-4714,MANDARINS CHINESECI,16.300,Kg,1.000,Kg,PRODUCE
I-5003,MANGOES CHUNK*IQF,2.000,bag,2.500,Kg,PRODUCE
I-3344,MARGARINE NONHYDROG PORT TFC,480.000,PTN,1.000,PTN,FOOD - GROCERY
I-3636,MARJORAM LEAF TFC,8.000,each,170.000,g,SPICES
I-12418,MARSHMALLOW,4.000,CT,5.000,lb,FOOD - GROCERY
I-19900,MARSHMALLOW STICK - CHOCOLATE,24.000,ea,1.000,ea,BAKED GOODS
I-44632,MATCHA POWDER,1.000,ea,1000.000,g,SPICES
I-60772,MAYONAISE*VEGAN HELLMAN'S,2.000,pail,3.780,L,FOOD - GROCERY
I-3348,MAYONNAISE*1/2 FAT GF,2.000,4L,4.000,L,FOOD - GROCERY
I-3901,MEATBALL BKD W/CHS 320CT FZ,2.000,pak,5.000,lb,MEAT
I-4691,MELON HONEYDEW US,8.000,CT,1.000,CT,PRODUCE
I-2218,MILK 1% 20L - BAG,1.000,un,20.000,L,DAIRY
I-2267,MILK 2 GO BANANA 473ML,6.000,CT,1.000,473ML,DAIRY
I-5967,MILK 2 GO CHOC 473ML,1.000,bottle,1.000,473ML,DAIRY
I-14038,MILK 2 GO COOK & CREAM 473ml,6.000,bottle,1.000,bottle,DAIRY
I-14039,MILK 2 GO ICED COFFEE 473ml,6.000,bottle,1.000,bottle,DAIRY
I-5968,MILK 2 GO STRAWBER 475ML,6.000,bottle,1.000,bottle,DAIRY
I-14041,MILK 2 GO SUGAR REDUC CHOC473M,6.000,bottle,1.000,bottle,DAIRY
I-2220,MILK 2% 20L TUBE - BAG,20.000,L,1.000,L,DAIRY
I-11363,MILK 2% 237ml,1.000,un,1.000,CT,DAIRY
I-11365,MILK 2% 473ml,1.000,CT,1.000,CT,DAIRY
I-2251,MILK 2% 4L - JUG,1.000,4L,4.000,L,DAIRY
I-31992,MILK 2%*20L HTST BAG,20.000,L,1.000,L,DAIRY
I-3355,MILK ALMOND*ORIGINAL,12.000,pak,946.000,ml,FOOD - GROCERY
I-2208,MILK BUTTERMILK 3.25%,1.000,ea,0.964,L,DAIRY
I-47525,MILK BUTTERMILK 3.25% 2L,1.000,ea,2.000,L,DAIRY
I-8058,MILK BUTTERMILK 946ML 3.25%,1.000,ea,0.946,L,DAIRY
I-11361,MILK CHOC 1% 237ml,1.000,CT,1.000,CT,DAIRY
I-11362,MILK CHOC 1% 473ml,1.000,CT,1.000,CT,DAIRY
I-2221,MILK CHOC 20L - BAG,1.000,un,20.000,L,DAIRY
I-17483,MILK EVAPORATED,24.000,CT,0.354,L,FOOD - GROCERY
I-11364,MILK SKIM 237ml,1.000,CT,1.000,CT,DAIRY
I-2174,MILK SOY 1.89L ORIGINAL GN,1.000,CT,1.890,L,DAIRY
I-6791,MILK SOY*ORIGINAL SLK 1.89L,6.000,un,1.890,L,DAIRY
I-3360,MIX PANCAKE*BUTTERMILK CLASSIC,20.000,Kg,1.000,Kg,FOOD - GROCERY
I-3363,MIX TEMPURA BATTER,6.000,bag,5.000,lb,FOOD - GROCERY
I-5009,MIX VEG PEA CARROT DCD GRADE A,6.000,bag,2.000,Kg,PRODUCE
I-5006,MIX VEGETABLE 5 VEG GRADE A ,6.000,bag,2.000,Kg,PRODUCE
I-3364,MOLASSES COOKING*BLACKSTRAP,6675.000,pak,1.000,g,FOOD - GROCERY
I-9342,MONTREAL STEAK SPICE  ,1.000,CT,0.825,Kg,SPICES
I-54484,MORIYAMA COFFEE LATTE,1.000,each,1.000,each,FOOD - GROCERY
I-54482,MORIYAMA MATCHA LATTE,1.000,each,1.000,each,FOOD - GROCERY
I-54483,MORIYAMMA TEA LATTE,1.000,each,1.000,each,FOOD - GROCERY
I-17916,MUFFIN GF BLUEBERRY,4.000,ea,1.000,CT,BAKED GOODS
I-4727,MUSHROOM #1 BC,5.000,lb,1.000,lb,PRODUCE
I-8395,MUSHROOM CRIMINI,1.000,lb,1.000,lb,PRODUCE
I-4725,MUSHROOM SLICED BC,10.000,lb,1.000,lb,PRODUCE
I-4729,MUSHROOMS CREMINI BC,5.000,lb,1.000,lb,PRODUCE
I-4731,MUSHROOMS FOODSERVICE BC,10.000,lb,1.000,lb,PRODUCE
I-4732,MUSHROOMS OYSTER BC,5.000,lb,1.000,lb,PRODUCE
I-4735,MUSHROOMS PORTOBELLOBC,5.000,lb,1.000,lb,PRODUCE
I-4737,MUSHROOMS SHITAKE,5.000,lb,1.000,lb,PRODUCE
I-5088,MUSSELS N/SHELL  OW SALTSPNG ,1.000,lb,1.000,lb,SEAFOOD
I-3365,MUSTARD BIG YELLOW PLAS,4.000,JUG,2.840,L,FOOD - GROCERY
I-3367,MUSTARD CRYO*W/FITMENT,2.000,6L,6.000,L,FOOD - GROCERY
I-2897,MUSTARD DIJON GRAINY FLEUR,4.000,Kg,1.000,Kg,FOOD - GROCERY
I-3370,MUSTARD DIJON HOT,2.000,each,4625.000,ml,FOOD - GROCERY
I-3368,MUSTARD DIJON*GRAINY ,2.000,TUB,5000.000,ml,FOOD - GROCERY
I-3637,MUSTARD GROUND SHAKER ,8.000,ea,454.000,g,SPICES
I-43988,NATURE VALLEY Trail Fruit Nut,12.000,ea,1.000,ea,FOOD - GROCERY
444,NATURE VLY SWEET SALTY MIX NUT,12.000,ea,1.000,ea,ZDONT USE FOOD CEREL/ENERY BAR
I-4739,NECTARINES 2 LAYERCH,48.000,CT,1.000,CT,PRODUCE
I-14547,NESTEA HALF TEA/LMN 500ML,12.000,500ML,1.000,500ML,BEVERAGE
I-1711,NESTEA LEMON GREEN,12.000,500ML,1.000,473ML,BEVERAGE
I-1713,NESTEA SWEET*&LEMON 500ML,12.000,500ML,1.000,500ML,BEVERAGE
I-1717,NESTEA ZERO 500ML,12.000,each,1.000,500ML,BEVERAGE
I-14278,NOODLE RICE VERMICELLI,1.000,CT,0.500,Kg,FOOD - GROCERY
I-19295,NOODLES RICE MED,30.000,lb,1.000,lb,FOOD - GROCERY
I-36577,NOODLES SOBA BUCKWHEAT,10.000,lb,1.000,lb,FOOD - GROCERY
I-3089,NOODLES STEAMED DRIED BULK,25.000,lb,1.000,lb,FOOD - GROCERY
I-49871,NORA Seaweed Snack Temp Orig,12.000,ea,1.000,ea,FOOD - GROCERY
I-30178,NORI SHEETS,100.000,each,1.000,SHEET,FOOD - GROCERY
I-30908,NUT ALMOND UNSALTED BULK,11340.000,g,1.000,g,CANDIES SNACKS
I-10866,NUT CASHEW RAW PCS,2.270,Kg,1.000,Kg,FOOD - GROCERY
I-8077,NUT CASHEWS ,5.000,Kg,1.000,Kg,FOOD - GROCERY
I-3379,NUT PECAN*HALVES ,3.000,Kg,1.000,Kg,FOOD - GROCERY
I-3381,NUT WALNUT*PCS CALIFORNIA,3.000,bag,1.000,Kg,FOOD - GROCERY
I-3655,NUTELLA PTN PACK,1.000,cs,120.000,ea,FOOD - GROCERY
I-3638,NUTMEG GROUND SHAKER TFC,8.000,each,454.000,g,SPICES
I-52622,OAT BARISTA* ,12.000,ea,0.946,L,DAIRY
I-52638,OAT CHOC*DRINK 250ML,24.000,each,1.000,ea,BEVERAGE
I-38274,OAT VANILLA *BEV U/SWT ,12.000,each,946.000,ml,BEVERAGE
I-55552,OAT VANILLA DRINK 250ML,24.000,ea,1.000,ea,BEVERAGE
I-19501,"OATS BLUE,STRAW,BRWN SGR TO GO",12.000,ea,1.000,ea,FOOD - GROCERY
I-19502,OATS BRWN SGR & FLAX TO GO,12.000,ea,1.000,ea,FOOD - GROCERY
I-19503,OATS GF CRAN APPLE WALNUT  ,12.000,ea,1.000,ea,FOOD - GROCERY
I-19504,OATS RAISINS W/ ALMONDS  TO GO,12.000,ea,1.000,ea,FOOD - GROCERY
I-1750,ODWALLA LIFEFOOD ORIGINAL,8.000,450ML,1.000,450ML,BEVERAGE
I-11158,ODWALLA MANGO TANGO 450ml,8.000,ea,1.000,450ML,BEVERAGE
I-11159,ODWALLA STRAW BANA 450ml,8.000,each,1.000,450ML,BEVERAGE
I-56382,OIL CANOLA 100% PURE,16.000,L,1.000,L,FOOD - GROCERY
I-3386,OIL CANOLA*HI LO BOX TFC,17.300,L,1.000,L,FOOD - GROCERY
I-3387,OIL CANOLA*OLIVE OIL,6.000,can,3.000,L,FOOD - GROCERY
I-3388,OIL CANOLA*SALAD 100% PURE,4.000,can,3.000,L,FOOD - GROCERY
I-26014,OIL COCONUT FAT KOKOHEART,500.000,ml,1.000,ml,FOOD - GROCERY
I-2903,OIL EVOO  EMMA 4/3L,4.000,JUG,3.000,L,FOOD - GROCERY
I-8235,OIL OLIVE EXTR VIRG -SPANISH,4.000,can,1.000,L,FOOD - GROCERY
I-6006,OIL OLIVE EXTRA VIRGIN TFC,4.000,can,3.000,L,FOOD - GROCERY
I-3389,OIL OLIVE*100% EXTRA VIRGIN ,4.000,LG CAN,3.000,L,FOOD - GROCERY
I-3390,OIL OLIVE*100% PURE TFC,4.000,can,3.000,L,FOOD - GROCERY
I-3391,OIL SESAME 100% PURE,1.000,pak,1.800,L,FOOD - GROCERY
I-3392,OIL SESAME*PURE,4.000,JUG,4.540,L,FOOD - GROCERY
I-9375,OIL TRUFFLE WHT 1/1L,1.000,bottle,1.000,L,FOOD - GROCERY
I-11241,OKRA FROZEN CUT VADILAL,15.000,lb,454.000,g,PRODUCE
I-6014,OLIVE BLACK*RIPE SLCD TFC,6.000,LG CAN,2.840,L,FOOD - GROCERY
I-7062,OLIVE GREEN*SLCD ,10.000,1.7kg,1.700,L,FOOD - GROCERY
I-6829,OLIVE KALAMATA*LRG PITTED,10.000,bag,1.000,Kg,FOOD - GROCERY
I-3397,OLIVE RIPE*BLACK SLCD,6.000,LG CAN,2.840,L,FOOD - GROCERY
I-4745,ONION PEELED US,25.000,lb,1.000,lb,PRODUCE
I-3639,ONION POWDER ,12.000,ea,600.000,g,SPICES
I-4742,"ONIONS DICED 1/4 US""",5.000,lb,1.000,lb,PRODUCE
I-4743,"ONIONS DICED 3/4 US""",5.000,lb,1.000,lb,PRODUCE
I-40968,ONIONS FRENCH*FRIED,6.000,bag,680.000,g,FOOD - GROCERY
I-4375,ONIONS GREEN 48 CT,48.000,CT,1.000,CT,PRODUCE
I-4679,ONIONS GREEN MX,48.000,BUNCH,1.000,BUNCH,PRODUCE
I-17150,ONIONS JUMBO PEELED 5LB,5.000,lb,1.000,lb,PRODUCE
I-4756,ONIONS PEARL FROZEN ,5.000,Kg,1.000,Kg,PRODUCE
I-5010,ONIONS PEARL*GRADE A IQF,6.000,bag,2.000,Kg,PRODUCE
I-4757,ONIONS RED ,25.000,lb,1.000,lb,PRODUCE
I-6807,ONIONS RED 5LB,25.000,lb,1.000,lb,PRODUCE
I-4747,"ONIONS RED DICED 1/4 US""",5.000,lb,1.000,lb,PRODUCE
I-4748,"ONIONS RED DICED 3/4 US""",5.000,lb,1.000,lb,PRODUCE
I-4750,ONIONS RED PEELED ,5.000,lb,1.000,lb,PRODUCE
I-4381,ONIONS YELLOW JUMBO,40.000,lb,1.000,lb,PRODUCE
I-4764,ORANGES SUNKIST US,113.000,CT,1.000,CT,PRODUCE
I-3314,OREGANO LEAF*,1.000,LG SKR,650.000,g,SPICES
I-2911,OREGANO RUBBED,5.000,lb,0.453,Kg,SPICES
I-17571,OYSTER N/SHELL CHEF CREEK OW,1.000,DOZ,1.000,DOZ,SEAFOOD
I-2642,PANCAKE BUTTERMILK*4IN,1.000,cs,216.000,CT,FOOD - GROCERY
I-11240,PANEER FRESH NANAK,4.200,Kg,1.000,Kg,BAKING-RAW INGREDIENTS
I-3243,PANKO CRUMB*BREAD  JAP STYL,25.000,lb,1.000,lb,FOOD - GROCERY
I-41181,PAPADUM PLAIN,80.000,pak,10.000,ea,FOOD - GROCERY
I-5979,PAPRIKA HOT SMOKED,750.000,g,1.000,g,SPICES
I-11194,PAPRIKA HUNGARIAN,2.270,Kg,1.000,Kg,FOOD - GROCERY
I-3640,PAPRIKA SHAKER TFC,8.000,ea,454.000,g,SPICES
I-3641,PAPRIKA SWEET SMKD,1.000,each,500.000,g,SPICES
I-5978,PAPRIKA SWEET SMOKED ,500.000,g,1.000,g,SPICES
I-3315,PARSLEY FLAKE SHAKER TFC,90.000,g,1.000,g,SPICES
I-3316,PARSLEY FLAKE TFC,1.000,pak,265.000,g,SPICES
I-4775,PARSNIPS BC,20.000,lb,1.000,lb,PRODUCE
I-3408,PASTA LASAGNA O/R 10IN,10.000,lb,1.000,lb,FOOD - GROCERY
I-37842,PASTA MACARONI ELBOW WH WHEAT,1.000,bag,4.540,Kg,FOOD - GROCERY
I-3414,PASTA PENNE RIGATE TFC,20.000,lb,1.000,lb,FOOD - GROCERY
I-3416,PASTA PENNE*WHOLE WHEAT TFC,2.000,bag,10.000,lb,FOOD - GROCERY
I-30144,PASTA RAVIOLI*BUTTERNUT SQUASH,2.000,bag,1360.000,g,FOOD - GROCERY
I-3418,PASTA ROTINI TFC,20.000,lb,1.000,lb,FOOD - GROCERY
I-3422,PASTA SPAG 20IN TFC,20.000,lb,1.000,lb,FOOD - GROCERY
I-3424,PASTA SPAG WHEAT WHOLE TFC,2.000,bag,10.000,lb,FOOD - GROCERY
I-7764,PASTA TORT*BEEF,5.000,Kg,1.000,Kg,FOOD - GROCERY
I-7766,PASTA TORT*CHEESE TRICOLOR,5.000,Kg,1.000,Kg,FOOD - GROCERY
I-37475,PASTE ACHIOTE,98.000,g,1.000,g,FOOD - GROCERY
I-5577,PASTE BOUQUET ITALIANA,2.000,jar,340.000,g,FOOD - GROCERY
I-41267,PASTE CURRY VINDALOO ASHOKA,4.000,ea,5.000,Kg,FOOD - GROCERY
I-3245,PASTE CURRY*RED,4.000,jar,992.000,g,SPICES
I-2653,PASTE GARLIC*RST FLVR CONC TFC,6.000,lb,1.000,lb,FOOD - GROCERY
I-16215,PASTE KOREAN HOT PEPPER ,3.000,Kg,1.000,Kg,FOOD - GROCERY
I-9687,PASTE MISO YELLOW SHIRO,1.000,Kg,1.000,Kg,FOOD - GROCERY
I-3431,PASTE MISO*WHITE,1.000,Kg,1000.000,g,FOOD - GROCERY
I-3433,PASTE SAMBAL OELEK,6.000,jar,668.000,ml,FOOD - GROCERY
I-3434,PASTE TAHINI,2.000,bag,5.000,Kg,FOOD - GROCERY
I-11813,PASTE TAMARIND,12.000,jar,250.000,g,FOOD - GROCERY
I-3435,PASTE TOMATO*,6.000,LG CAN,2.850,L,FOOD - GROCERY
I-2654,PASTRY PUFF SHEET 12X18IN LR ,30.000,CT,1.000,CT,BAKING-RAW INGREDIENTS
I-43559,"PASTRY PUFF*ROUND HIGH RISE 5""",200.000,CT,1.000,CT,BAKING-RAW INGREDIENTS
I-3438,PEACH SLCD IN PEAR JUICE TF,6.000,LG CAN,68.498,oz,FOOD - GROCERY
I-5012,PEACH SLCD*A IQF,2.000,bag,2.500,Kg,PRODUCE
I-4778,PEACHES 2 LAYER US,42.000,CT,1.000,CT,PRODUCE
I-3441,PEANUT BUTTER*PORT TFC,1.000,cs,200.000,PTN,FOOD - GROCERY
I-4781,PEARS ANJOUUS 120 CT U.S.,120.000,CT,1.000,CT,PRODUCE
I-4783,PEARS ASIAN CRYSTAL CI,32.000,CT,1.000,CT,PRODUCE
I-11656,PEARS BARTLETT F/XF 120CT,120.000,CT,1.000,CT,PRODUCE
I-4784,PEARS BOSC US,70.000,CT,1.000,CT,PRODUCE
I-2656,PEAS ASSORTED SIZE GRADE A IQF,6.000,bag,2.000,Kg,PRODUCE
x128,PEPP FARM GOLDFISH ORIGINAL,12.000,ea,1.000,ea,MM Grocery Cookie Cracker
1-,PEPP GOLDFISH CHEDDAR,12.000,ea,1.000,ea,MM Grocery Cookie Cracker
I-3643,PEPPER BLACK FINE TFC,1.000,each,2.267,Kg,SPICES
I-2051,PEPPER BLACK GROUND VALLI,2.700,Kg,1.000,Kg,SPICES
I-6812,PEPPER BLK COARSE,2.100,Kg,1.000,Kg,SPICES
I-11172,PEPPER BLK WHOLE,2.000,Kg,1.000,Kg,SPICES
I-3642,PEPPER BLK*COARSE GRD SHK,2.100,Kg,1000.000,g,SPICES
I-3644,PEPPER BLK*WHOLE TFC,2.700,Kg,1.000,Kg,SPICES
I-3447,PEPPER CHIPOTLE*IN ADOBO,24.000,can,207.000,ml,FOOD - GROCERY
I-3448,PEPPER HOT*BANANA RING SLCD ,2.000,JUG,3.780,L,FOOD - GROCERY
I-3449,PEPPER JALAPENO*SLCD,6.000,JUG,3.780,L,FOOD - GROCERY
I-3580,PEPPER LEMON,5.000,lb,453.593,g,SPICES
I-30504,PEPPER RED FLAKES KOREAN,1.000,each,500.000,g,SPICES
I-39693,PEPPER SWEET RED RST TFC,6.000,can,2.560,L,FOOD - GROCERY
I-3451,PEPPER SWEET RED RST TFC,6.000,LG CAN,2.560,L,FOOD - GROCERY
I-3646,PEPPER WHITE GROUND SHK,1.000,each,454.000,g,SPICES
I-3647,PEPPER WHITE GROUND TFC,2.500,Kg,1.000,Kg,SPICES
I-42230,PEPPERCORN BLACK STANDARD,5.000,lb,454.000,g,SPICES
I-3649,PEPPERCORN BLACK WHL TFC,12.000,ea,575.000,g,SPICES
I-3094,PEPPERCORN BLACK WHOLE ,3.000,Kg,1.000,Kg,SPICES
I-9759,PEPPERCORN GRN BRINE MADAGACAR,12.000,can,0.212,L,SPICES
I-40458,PEPPERCORN SCHEZCHUAN,1.000,pak,454.000,g,SPICES
I-17673,"PEPPERONI SLICED 3""",4.000,Kg,1.000,Kg,MEAT
I-4785,PEPPERS GREEN,3.000,lb,1.000,lb,PRODUCE
I-4684,"PEPPERS GREEN DICED 3/4 US""",5.000,lb,1.000,lb,PRODUCE
I-4786,PEPPERS GREEN LARGE MX,25.000,lb,1.000,lb,PRODUCE
I-4689,"PEPPERS GREEN SLICED 1/8 US""",5.000,lb,1.000,lb,PRODUCE
I-4787,PEPPERS JALAPENO GREEN 10 LBS,10.000,lb,1.000,lb,PRODUCE
I-30068,PEPPERS POBLANO,10.000,lb,1.000,lb,PRODUCE
I-4791,PEPPERS RED BC,3.000,lb,1.000,lb,PRODUCE
I-4792,PEPPERS RED CHOICE US,25.000,lb,1.000,lb,PRODUCE
I-5014,PEPPERS RED DCD GRADE A IQF,6.000,bag,2.000,Kg,PRODUCE
I-4832,"PEPPERS RED DICED 1/4 US""",5.000,lb,1.000,lb,PRODUCE
I-4833,"PEPPERS RED DICED 3/4 US""",5.000,lb,1.000,lb,PRODUCE
I-4795,PEPPERS SERRANO GREEN MX,1.000,lb,1.000,lb,PRODUCE
I-4796,PEPPERS THAI RED CHILI IM,1.000,lb,1.000,lb,PRODUCE
I-4797,PEPPERS YELLOW HH BC,11.000,lb,1.000,lb,PRODUCE
I-2658,PEROGY POT CHED CKD 180CT-30G,2.000,bag,2.750,Kg,FOOD - GROCERY
I-29464,PHILADELPHIA ROLL ,1.000,ea,1.000,ea,SUSHI
I-6017,PICKLE DILL SPEAR,1.000,pail,19.000,L,FOOD - GROCERY
I-3454,PICKLE DILL*SAND LG SLCD ,19.000,L,1.000,L,FOOD - GROCERY
I-2661,PIE APPLE*U/BKD 10IN,6.000,PIE,1.000,PIE,BAKED GOODS
I-2662,PIE BLUEBERRY*U/BKD 10IN,6.000,PIE,1.000,PIE,BAKED GOODS
I-2664,PIE CHERRY*U/BKD 8IN TFC,6.000,PIE,1.000,PIE,BAKED GOODS
I-2667,PIE LEMON*MERINGUE CKD10I,6.000,PIE,1.000,PIE,BAKED GOODS
I-12180,PIE PUMPKIN 10in,6.000,PIE,1.000,CT,BAKED GOODS
I-1126,PIE SHELL*U/SWT 4IN ,1.000,cs,144.000,CT,BAKING-RAW INGREDIENTS
I-1127,PIE SHELL*U/SWT DEEP DISH 5IN ,120.000,CT,1.000,CT,BAKING-RAW INGREDIENTS
I-2672,PIE TOP U/SWT 5IN TFC,120.000,CT,1.000,CT,BAKING-RAW INGREDIENTS
I-4800,PINEAPPLE CHUNKS CD US,1.000,pail,14.000,lb,PRODUCE
I-30101,PINEAPPLE CHUNKS*FRZN,2.000,bag,2.500,Kg,PRODUCE
I-3458,PINEAPPLE PIZZA*CUT L/S TFC,6.000,LG CAN,2.840,L,FOOD - GROCERY
I-3460,PINEAPPLE SLICE NAT JUICE CAN,24.000,SM CAN,398.000,ml,FOOD - GROCERY
I-1033,PITA GREEK*THK 7IN ,1.000,cs,120.000,CT,BREAD
I-1034,PITA PCKT BREAD WW 7IN,24.000,pak,6.000,CT,BREAD
I-1035,PITA THK 5IN T/S FZN,10.000,DOZ,12.000,CT,BREAD
I-48660,"PIZZA 6"" Pepperoni",18.000,ea,1.000,ea,MEAT
I-53226,"PIZZA 6"" Three Cheese",18.000,ea,1.000,ea,MEAT
I-9689,PLUMS 60/65CT,1.000,ea,1.000,ea,PRODUCE
I-13205,POMEGRANATES 2 LAYER,1.000,CT,1.000,CT,PRODUCE
I-39212,POPCORN BUTTER SEA SALT,12.000,ea,1.000,ea,CANDIES SNACKS
I-39209,POPCORN CHEDDAR WHITE,12.000,ea,1.000,ea,CANDIES SNACKS
I-39211,POPCORN DILL PICKLE,12.000,ea,1.000,ea,CANDIES SNACKS
I-39216,POPCORN SEA SALT,12.000,ea,1.000,ea,CANDIES SNACKS
I-63680,POPPYHORNS,1.000,ea,1.000,ea,BAKED GOODS
I-28904,PORK AND SHRIMP SIU MAI O/W,150.000,ea,1.000,each,FOOD - GROCERY
I-66145,PORK BACK RIB FULL RACK 16/20,1.000,Kg,1.000,Kg,MEAT
I-22916,PORK BELLY SKON COV,1.000,Kg,1.000,Kg,MEAT
I-3851,PORK BUTT BNLS 1/4 COV FR,1.000,Kg,1.000,Kg,MEAT
I-3852,PORK BUTT SHLDR BNLS N/NFR,1.000,Kg,1.000,Kg,MEAT
I-3853,PORK CHOP 170G C/C,1.000,box,28.000,CT,MEAT
I-3854,PORK CUTLET 115G BRD ,40.000,CT,1.000,CT,MEAT
I-3902,PORK CUTLET 4Z BRD FZN,40.000,CT,1.000,CT,MEAT
I-22915,PORK FEET CUT,1.000,Kg,1.000,Kg,MEAT
I-3856,PORK LOIN BNLS S/CUT COVFR,1.000,Kg,1.000,Kg,MEAT
I-3857,PORK RIBS BNLS DRY BRD,4.540,Kg,1.000,Kg,MEAT
I-52587,PORK SKIN BELLY FZ,25.000,Kg,1.000,Kg,MEAT
I-13423,PORK STIR FRY,5.000,Kg,1.000,Kg,MEAT
I-16497,POTATO BAKERS PLAIN - 80CT ,80.000,CT,1.000,CT,PRODUCE
I-4809,"POTATO DICED 3/4 BC""",5.000,lb,1.000,lb,PRODUCE
I-12327,POTATO FINGERLING,5.000,lb,1.000,lb,PRODUCE
I-11807,POTATO GERMAN BUTTER,1.000,lb,1.000,lb,PRODUCE
I-4815,POTATO MEDIUM RUSSET ,10.000,lb,1.000,lb,PRODUCE
I-10279,POTATO NEW UBC,1.000,lb,1.000,lb,PRODUCE
I-13252,POTATO PEELED ,25.000,lb,1.000,lb,PRODUCE
I-4811,POTATO PEELED YELLOW FLESH BC,50.000,lb,1.000,lb,PRODUCE
I-11051,POTATO PURPLE UBC,1.000,lb,1.000,lb,PRODUCE
I-11093,POTATO RED BABY B'S,50.000,lb,1.000,lb,PRODUCE
I-4817,POTATO RED MEDIUM BC,50.000,lb,1.000,lb,PRODUCE
I-33795,POTATO WEDGE RED SKIN HMSTYL,27.000,lb,1.000,lb,PRODUCE
I-4818,POTATO WHITE BABY (NUGGET)BC,50.000,lb,1.000,lb,PRODUCE
I-4819,POTATO YELLOW BABYBC,50.000,lb,1.000,lb,PRODUCE
I-2681,POTATO*POMPOM TATER TOT TFC,6.000,bag,5.000,lb,PRODUCE
I-46903,POWERADE ZERO FRUIT PUN  710m,12.000,bottle,1.000,ea,BEVERAGE
I-46902,POWERADE ZERO GRAPE 710ML,12.000,710ml,1.000,710ml,BEVERAGE
I-1727,POWERADE ZERO MIX BERRY,12.000,710ml,1.000,710ml,BEVERAGE
I-65576,PRAWN WHT PD T/OF 41/50 OW,1.000,lb,1.000,lb,SEAFOOD
I-17580,PRAWN WHT PD T/ON 31/40 OW,1.000,lb,1.000,lb,SEAFOOD
I-28771,PREP|Sliced|Roast Turkey 1kg,1.000,Kg,1.000,Kg,PRODUCTION FOOD
I-19899,PRETZEL CHOCOLATE CARAMEL,24.000,ea,1.000,ea,BAKED GOODS
I-1250,PRETZEL PIZZA EACH,1.000,ea,1.000,CT,BAKED GOODS
I-41235,PROTEIN ENRGY BALL CHOC PB,12.000,ea,1.000,ea,FOOD - GROCERY
I-41234,PROTEIN ENRGY BALL COCON MACAD,12.000,ea,1.000,ea,FOOD - GROCERY
I-41233,PROTEIN ENRGY BALL PEANUT BLST,12.000,ea,1.000,ea,FOOD - GROCERY
I-1067,PUDDING STICKY*TOFFEE 12X16IN,2.000,SHEET,1.000,SHEET,BAKED GOODS
I-32323,PUDDING YORKSHIRE*MINI ,144.000,ea,1.000,ea,BAKED GOODS
I-3588,PUMPKIN KERN*RAW,2.000,pak,1.500,Kg,FOOD - GROCERY
I-3468,PUMPKIN PURE CAN,6.000,LG CAN,2.840,L,FOOD - GROCERY
I-3016,PUMPKIN SEEDS 2 KG,6.610,lb,0.454,Kg,FOOD - GROCERY
I-15329,PUREE LEMON GRASS,15.000,Kg,1.000,Kg,BAKING-RAW INGREDIENTS
I-41373,"QUICHE 4.25"" HAM & CHEESE ",12.000,ea,1.000,ea,FOOD - GROCERY
I-41372,"QUICHE 4.25"" RED PEPP & CHEESE",12.000,ea,1.000,ea,FOOD - GROCERY
I-3779,QUINOA NON-ORGANIC,11.350,Kg,1.000,Kg,FOOD - GROCERY
I-11185,QUINOA WHITE*,25.000,lb,16.000,oz,FOOD - GROCERY
I-11553,RADISH BUNCH UBC,1.000,BUNCH,1.000,BUNCH,PRODUCE
I-4826,RADISH BUNCHED(48 CT) BC,3.000,BUNCH,1.000,BUNCH,PRODUCE
I-4824,RADISH JULIENNEUS,5.000,lb,1.000,lb,PRODUCE
I-3471,RAISIN SULTANA ,12.500,Kg,1.000,Kg,FOOD - GROCERY
I-7912,RAMEN NOODLES ,40.000,CT,0.150,Kg,FOOD - GROCERY
I-4829,RASPBERRIES ( DRISCOLL )US,12.000,BASKET,1.000,BASKET,PRODUCE
I-4830,RASPBERRIES FRZN IQFSHB,5.000,Kg,1.000,Kg,PRODUCE
I-5015,RASPBERRIES GRADE A IQF,2.000,bag,2.500,Kg,PRODUCE
I-42143,RASPBERRY IQF*,2.000,bag,2.500,Kg,PRODUCE
I-5164,RED DRAGON SUSHI ROLL 9PC,1.000,pak,1.000,CT,SUSHI
I-3472,RELISH CRYOVAC,2.000,6L,6.000,L,FOOD - GROCERY
I-5016,RHUBARB CUT IQF,2.000,bag,2.500,Kg,PRODUCE
I-3475,RICE ARBORIO*,10.000,lb,0.454,Kg,FOOD - GROCERY
I-3476,RICE BASMATI*,5.000,Kg,1.000,Kg,FOOD - GROCERY
I-36672,RICE BASMATI*BROWN,10.000,lb,1.000,lb,FOOD - GROCERY
I-3477,RICE BROWN*WHL GRAIN,9.070,Kg,2.200,lb,FOOD - GROCERY
I-36764,RICE CALROSE BROWN,1.000,ea,50.000,lb,FOOD - GROCERY
I-3478,RICE JASMINE* ,40.000,lb,1.000,lb,FOOD - GROCERY
I-3481,RICE LONG GRAIN PARBOILED TFC,20.000,Kg,1.000,Kg,FOOD - GROCERY
I-3485,RICE MIX LONG GRAIN WILD NAT,20.000,Kg,1.000,Kg,FOOD - GROCERY
I-3099,RICE STICK-MED,1.000,pak,454.000,g,FOOD - GROCERY
I-3487,RICE SUSHI*CALROSE,20.000,Kg,1.000,Kg,FOOD - GROCERY
I-3488,RICE WILD*NON ORGAN,2.000,bag,5.000,lb,FOOD - GROCERY
I-45691,RISE Ginger 414 ml,12.000,ea,1.000,ea,BEVERAGE
I-44101,RISE Kombucha Bby Maple 414ml,12.000,ea,1.000,ea,BEVERAGE
I-1024,ROLL CKTL  ASST T/S FZN,120.000,CT,1.000,CT,BREAD
I-19693,ROLL CUCUMBER 16PC,1.000,pak,1.000,pak,SUSHI
I-1195,ROLL WHOLE WHEAT DINNER ,12.000,CT,1.000,CT,BREAD
I-1618,ROOT BEER*BQ 500ML,24.000,500ML,1.000,500ML,BEVERAGE
I-3635,ROSEMARY LEAF TFC,8.000,each,315.000,g,SPICES
I-3651,SAFFRON SPANISH,1.000,pak,5.000,g,SPICES
I-3317,SAGE GROUND TFC,12.000,ea,340.000,g,SPICES
I-17582,SAL ATL FLT KUTERRA OW S/ONPBO,1.000,lb,1.000,lb,SEAFOOD
I-58278,SAL ATL FLT KUTERRA OW S/ONVAC,1.000,lb,1.000,lb,SEAFOOD
I-11101,SAL SOX SMK TRIM OW,1.000,lb,1.000,lb,SEAFOOD
I-16198,SAL STEELHEAD TRIM OW,1.000,lb,1.000,lb,SEAFOOD
I-52244,SALAD CELEBRITY SPRING MIX,1.000,bag,3.000,lb,PRODUCE
I-5005,SALAD MIX 7 BEAN FZN,4.000,pak,2.000,Kg,PRODUCE
I-13226,SALAD MIX ARCADIAN,3.000,bag,2.000,lb,PRODUCE
I-4849,SALAD MIX ARTISAN,3.000,bag,2.000,lb,PRODUCE
I-11808,SALAD MIX UBC FARM,1.000,lb,1.000,lb,PRODUCE
I-9371,SALSA FRESCA 8LB,1.000,cs,8.000,lb,FOOD - GROCERY
I-4852,SALSA MANGO & PINEAPPLE DICED ,8.000,lb,1.000,lb,PRODUCE
I-3494,SALSA MED*CHUNKY,2.000,JUG,3.700,L,FOOD - GROCERY
I-6466,SALT CELERY,1.000,ea,900.000,g,SPICES
I-3497,SALT HI GR NON IODIZED,20.000,Kg,1.000,Kg,SPICES
I-6026,SALT KOSHER*,9.000,pak,1360.780,g,SPICES
I-12176,SALT SEA COARSE KOSHER,1.000,CT,2.270,Kg,SPICES
I-12181,SALT SEA KOSHER COARSE,2.270,Kg,2.205,lb,FOOD - GROCERY
I-13302,SAMOSA BREAKFAST,1.000,CT,1.000,CT,FOOD - GROCERY
I-36996,"SANDWICH BACON, CHEDD & TOMATO",1.000,ea,1.000,ea,FOOD - GROCERY
I-36999,SANDWICH CASATA FALAFEL,1.000,ea,1.000,ea,FOOD - GROCERY
I-36998,SANDWICH CHICKEN CRANCHERRY,1.000,ea,1.000,ea,FOOD - GROCERY
I-36995,SANDWICH EGG SALAD,1.000,ea,1.000,ea,FOOD - GROCERY
I-37000,SANDWICH HAM & CHEESE,1.000,ea,1.000,ea,FOOD - GROCERY
I-36997,SANDWICH SALMON SALAD,1.000,ea,1.000,ea,FOOD - GROCERY
I-26960,SAUCE BBQ KANSAS,2.000,JUG,3.780,L,FOOD - GROCERY
I-3506,SAUCE BBQ SMOKEY TFC,2.000,JUG,3.780,L,FOOD - GROCERY
I-3507,SAUCE BBQ WHISKEY FORTY CREEK,2.000,4L,4.000,L,FOOD - GROCERY
I-3511,SAUCE CHILI CAN,6.000,LG CAN,2.840,L,FOOD - GROCERY
I-9378,SAUCE CHILI HOT SRIRACHA 435ML,12.000,bottle,0.435,L,FOOD - GROCERY
I-9379,SAUCE CHILI*HOT SRIRACHA BOTTL,12.000,bottle,0.714,L,FOOD - GROCERY
I-45114,SAUCE FISH VEGAN ,1.000,bottle,29.600,fl oz,FOOD - GROCERY
I-3517,SAUCE FISH*,12.000,bottle,23.000,fl oz,FOOD - GROCERY
I-7978,SAUCE HOI SIN,2.000,4L,4.000,L,FOOD - GROCERY
I-10864,SAUCE HOISIN GOLDEN DRAGON,2.000,JUG,4.000,L,FOOD - GROCERY
I-37469,SAUCE HOT VALENTINA,12.000,jar,1000.000,ml,FOOD - GROCERY
I-3520,SAUCE HOT*ORIG RED FRANK|3.78L,4.000,JUG,3.780,L,FOOD - GROCERY
I-3524,SAUCE MANGO*CHUTNEY ,2.000,JUG,2.600,Kg,FOOD - GROCERY
I-7705,SAUCE MIRIN,6.000,bottle,1.800,L,FOOD - GROCERY
I-14773,SAUCE MIX*HOLLANDAISE,6.000,pak,0.800,Kg,FOOD - GROCERY
I-2697,SAUCE PESTO NO NUT,6.000,bag,454.000,g,FOOD - GROCERY
I-2698,SAUCE PESTO*SUNDRIED TOMATO,6.000,bag,454.000,g,FOOD - GROCERY
I-56710,SAUCE RED HOT TABASCO,2.000,JUG,1.890,L,FOOD - GROCERY
I-3540,SAUCE SAMBAL OELEK,3.000,jar,3500.000,L,FOOD - GROCERY
I-10882,SAUCE SAMBAL*OLEK 3X3.5L,4.000,JUG,3.500,L,FOOD - GROCERY
I-3545,SAUCE SOY G/FREE,6.000,JUG,1.890,L,FOOD - GROCERY
I-3553,SAUCE SOY TAMARI ORG G/FREE,11.340,L,1.000,L,FOOD - GROCERY
I-47774,SAUCE SOY*LOW SOD G/FREE,6.000,JUG,1.890,L,FOOD - GROCERY
I-63875,SAUCE SOY*TAMARI G/FREE,1.000,JUG,1.000,L,FOOD - GROCERY
I-3560,SAUCE SWEET*CHILI THAI STYL,2.000,JUG,4.000,L,FOOD - GROCERY
I-3564,SAUCE TABASCO HOT CHIPOTLE JUG,2.000,JUG,1.890,L,FOOD - GROCERY
I-3563,SAUCE TABASCO HOT PEPPER 350ML,12.000,LG BTL,350.000,ml,FOOD - GROCERY
I-22026,SAUCE TABASCO*GREEN PEPPER,2.000,JUG,1.890,L,FOOD - GROCERY
I-3571,SAUCE TERIYAKI*THICK,2.000,4L,4.000,L,FOOD - GROCERY
I-67358,SAUCE TOMATO POUCH,6.000,POUCH,2.840,L,FOOD - GROCERY
I-60805,SAUCE WORCESTERSHIRE VEGAN,12.000,bottle,251.000,ml,FOOD - GROCERY
I-3572,SAUCE WORCESTERSHIRE*,2.000,JUG,3.700,L,FOOD - GROCERY
I-3575,SAUERKRAUT*WINE 4L,2.000,4L,4.000,L,FOOD - GROCERY
I-17667,SAUSAGE CHORIZO MEAT,5.000,Kg,1.000,Kg,MEAT
I-11922,SAUSAGE MEAT CHORIZO FRZN,5.000,CT,2.000,Kg,MEAT
I-13303,SAUSAGE PATTY,5.000,Kg,20.000,ea,MEAT
I-63690,SAUSAGE ROLL EACH,1.000,ea,1.000,ea,BAKED GOODS
I-5127,SCALLOP 40/60 IQF O/WISE,1.000,lb,1.000,lb,SEAFOOD
I-3577,SEASONING CAJUN*RUB,12.000,SHAKER,675.000,g,SPICES
I-3583,SEASONING OLD*BAY,1.000,SHAKER,680.000,g,SPICES
I-3584,SEASONING SALT NO MSG,1.000,TUB,2.270,Kg,SPICES
I-37476,SEASONING TAJIN FRUIT,3401.000,g,1.000,g,FOOD - GROCERY
I-5130,SEAWEED SALAD NATURAL O/WISE,1.000,lb,1.000,lb,SEAFOOD
I-11211,SEED CUMIN WHOLE ,5.000,lb,454.000,g,SPICES
I-3312,SEED FENNEL*WHOLE,1.000,each,12.000,oz,SPICES
I-40944,SEED HEMP,5.000,Kg,1000.000,g,SPICES
I-3591,SEED SESAME WHOLE WHITE ,1.000,each,454.000,g,SPICES
I-3590,SEED SESAME*RST - NO SALT TFC,454.000,g,1.000,Kg,SPICES
I-3589,SESAME BLACK WHOLE,1.000,lb,1.000,lb,SPICES
I-4894,SHALLOTS PEELED ,5.000,lb,1.000,lb,PRODUCE
I-40609,SHISO LEAVES,1.000,cs,100.000,CT,PRODUCE
I-17593,SHRIMPMT 125/175 MSC,1.000,lb,1.000,lb,SEAFOOD
I-46940,SIMPLY Lemonade 340ml,12.000,each,1.000,CT,BEVERAGE
I-8856,SIU MAI PORK ,3.000,bag,50.000,ea,FOOD - GROCERY
I-7619,"SKEWER BAMBOO 8""",1.000,pak,100.000,ea,DISPOSABLES
I-1068p,SKEWER BAMBOO KNOTTED END 4IN,10.000,box,1000.000,CT,DISPOSABLES
I-3595,SMOKE LIQUID ARTIF!,1.000,4L,4.000,L,FOOD - GROCERY
I-2319,SMOKIES 5.5 CT BAVARIAN,1.000,Kg,1.000,Kg,MEAT
I-1823,SMOOTHIE BERRY BLACK/BOYSEN,6.000,bottle,1.000,bottle,BEVERAGE
I-57543,SMOOTHIE COCONUT & PINEAPPLE,6.000,each,1.000,each,BEVERAGE
I-57538,SMOOTHIE EXTREME C FRUIT,6.000,each,1.000,each,BEVERAGE
I-57540,SMOOTHIE EXTREME GREEN,6.000,each,1.000,each,BEVERAGE
I-57539,SMOOTHIE FRUIT EXTREME ENERGY,6.000,each,1.000,each,BEVERAGE
I-57541,SMOOTHIE MANGO & PASSIONFRUIT,6.000,each,1.000,each,BEVERAGE
I-57542,SMOOTHIE RASPBRY CHERRY FRUIT ,6.000,each,1.000,each,BEVERAGE
I-42898,SNACK HEARTY TAMARI,20.000,each,1.000,ea,CANDIES SNACKS
I-42899,SNACK MAPLE PRALINE ALMONDS,20.000,each,1.000,ea,"MM Snack Nuts, Fruit, Mixes"
I-42900,SNACK WASABI-ME,20.000,each,1.000,ea,CANDIES SNACKS
I-42901,SNACK WHOLESOME YOGI,20.000,each,1.000,ea,CANDIES SNACKS
I-64326,SODA KARMA APPLE,6.000,each,1.000,each,BEVERAGE
I-64479,SODA KARMA BERRY,6.000,each,1.000,each,BEVERAGE
I-64480,SODA KARMA CHERRY,6.000,each,1.000,each,BEVERAGE
I-64327,SODA KARMA PEACH,6.000,each,1.000,each,BEVERAGE
I-64328,SODA KARMA PEAR,6.000,each,1.000,each,BEVERAGE
I-35682,SORGHUM WHITE,5.000,Kg,1000.000,g,FOOD - GROCERY
I-62666,SOUP GOODLY BEEF MUSHROOM BARL,5.000,bag,4.000,L,FOOD - GROCERY
I-52958,SOUP GOODLY BEET,5.000,bag,4.000,L,FOOD - GROCERY
I-61482,SOUP GOODLY CARROT,5.000,bag,4.000,L,FOOD - GROCERY
I-62665,SOUP GOODLY CHICKEN ORZO,5.000,bag,4.000,L,FOOD - GROCERY
I-55667,SOUP GOODLY POTATO,5.000,bag,4.000,L,FOOD - GROCERY
I-52956,SOUP GOODLY SQUASH,5.000,bag,4.000,L,FOOD - GROCERY
I-2755,SOUP GOODLY TOMATO,5.000,bag,4.000,L,FOOD - GROCERY
I-64023,SOUP GOODLY TOMATO COCONUT,5.000,bag,4.000,L,FOOD - GROCERY
I-2254,SOUR CREAM CORR BOX 4L,1.000,4L,4.000,L,DAIRY
I-9381,SOUR CREAM*4L,1.000,TUB,4.000,L,DAIRY
I-1273,SOURDOUGH BREAD COUNTRY ,1.000,LOAF,1.000,LOAF,BREAD
I-11842,SOURDOUGH LOAFCOUNTRY ,1.000,LOAF,1.000,LOAF,BREAD
I-1782,SOY FORTIFIED CHOC SO NICE,24.000,each,1.000,PTN,BEVERAGE
I-12123,SOY ORIGINAL SO NICE 250ML,24.000,PTN,1.000,PTN,BEVERAGE
I-13219,SOY RICE DREAM CHOCOLATE,24.000,ea,1.000,CT,BEVERAGE
I-1854,SOY RICE DREAM VANILLA,24.000,ea,1.000,CT,BEVERAGE
I-5021,SOYBEAN EDAMAME*SHELLED FZN,20.000,lb,1.000,lb,PRODUCE
I-19610,SPICE CORIANDER WHOLE,1.000,ea,80.000,oz,BAKING-RAW INGREDIENTS
I-4488,SPINACH BABY US,4.000,lb,1.000,lb,PRODUCE
I-5022,SPINACH CHOPPED*FZN,6.000,bag,2.000,Kg,PRODUCE
I-4896,SPINACH WASHED NO STEM US,1.000,bag,2.500,lb,PRODUCE
I-2899,SPREAD NUTELLA*HAZELNUT ,2.000,TUB,3000.000,g,FOOD - GROCERY
I-8238,SPRING ROLL VEG 30g SIZE,100.000,ea,1.000,ea,FOOD - GROCERY
I-3103,SPRING ROLL WRAP 8.5 FROZEN,40.000,pak,20.000,CT,FOOD - GROCERY
I-1732,SPRITE 355ML,24.000,355ML,1.000,CT,BEVERAGE
I-1731,SPRITE ZERO 500ML,24.000,500ML,1.000,500ML,BEVERAGE
I-4450,SPROUTS ALFALFA BC,12.000,CT,1.000,CT,PRODUCE
I-4509,SPROUTS BEAN BC,5.000,lb,1.000,lb,PRODUCE
I-1398,SQUARE GF CARROT CAKE RTC,12.000,CT,1.000,CT,BAKED GOODS
I-1263,SQUARE RICE CRISPY (6 PACK),6.000,CT,1.000,CT,BAKED GOODS
I-4900,SQUASH ACORN MX,35.000,lb,1.000,lb,PRODUCE
I-20342,SQUASH ACORN UBC,1.000,lb,1.000,lb,PRODUCE
I-4437,SQUASH BUTTERNUT BC,1.000,lb,1.000,lb,PRODUCE
I-4549,"SQUASH BUTTERNUT DICED 3/4 --""",5.000,lb,1.000,lb,PRODUCE
I-4898,SQUASH BUTTERNUT MX,36.000,lb,1.000,lb,PRODUCE
I-11806,SQUASH BUTTERNUT WINTER UBC,1.000,lb,1.000,lb,PRODUCE
I-4903,SQUASH SPAGHETTI 36 LBS US,35.000,lb,1.000,lb,PRODUCE
I-19978,SQUASH SPAGHETTI UBC,1.000,lb,1.000,lb,PRODUCE
I-12325,SQUASH WINTER KABOCHA,1.000,lb,1.000,lb,PRODUCE
I-4490,SQUASH YELLOW SUMMER BABY,20.000,lb,1.000,lb,PRODUCE
I-11218,STAR ANISE WHOLE,1.000,lb,1.000,lb,SPICES
I-6820,STARCH CORN*5kg,5.000,Kg,1.000,Kg,FOOD - GROCERY
I-40936,STARCH POTATO*,25.000,Kg,1.000,g,FOOD - GROCERY
I-28907,STEAMED BUN BBQ PORK ,60.000,ea,1.000,each,FOOD - GROCERY
I-1861,STEAZ BLUEBERRY POM ACAI,12.000,473ML,1.000,473ML,BEVERAGE
I-17612,STEAZ COCONUT GREEN TEA,12.000,CT,1.000,CT,BEVERAGE
I-1863,STEAZ PEACH,12.000,473ML,1.000,473ML,BEVERAGE
I-13795,STEAZ SUPERFRUIT ICED TEAZ,12.000,CT,1.000,CT,BEVERAGE
I-1866,STEAZ ZERO PEACH MANGO ICD TEA,12.000,473ML,1.000,473ML,BEVERAGE
I-1867,STEAZ ZERO RASPBERRY ICD TEA,12.000,473ML,1.000,473ML,BEVERAGE
I-28920,STICKY RICE WRAP,48.000,ea,1.000,each,FOOD - GROCERY
I-12164,STIRFRY MIX JULIENNE,5.000,lb,1.000,lb,PRODUCE
I-43547,"STRAW PPR GIANT NOWRAP WHT 10""",2800.000,ea,1.000,each,DISPOSABLES
I-4904,STRAWBERRIES (CLAMSHELL) US,8.000,lb,1.000,lb,PRODUCE
I-4905,STRAWBERRIES DRISCOLL US,8.000,lb,1.000,lb,PRODUCE
I-5024,STRAWBERRIES WHOLE IQF,2.000,bag,2.500,Kg,PRODUCE
I-4907,STRAWBERRIES WHOLE.*IQF,6.000,bag,2.000,Kg,PRODUCE
I-2760,STRUDEL APPLE MINI U/BKD TFC,120.000,ea,1.000,CT,BAKED GOODS
I-18636,STRUDEL BLUEBERRY MINI,120.000,ea,1.000,ea,BAKED GOODS
I-58397,STRUDEL PETITE CHERRY,120.000,each,1.000,each,BAKED GOODS
I-48356,SUGAR BROWN LT BRILLIANT YELLO,20.000,Kg,1.000,Kg,FOOD - GROCERY
I-6028,SUGAR BROWN*DEMERARA,20.000,bag,1.000,Kg,FOOD - GROCERY
I-3657,SUGAR GOLDEN YEL 2KG,12.000,pak,2.000,Kg,FOOD - GROCERY
I-3658,SUGAR GOLDEN*YEL 20KG,20.000,Kg,1.000,Kg,FOOD - GROCERY
I-3660,SUGAR GRANULATED*FINE,10.000,Kg,1.000,Kg,FOOD - GROCERY
I-3661,SUGAR ICING,20.000,Kg,1.000,Kg,FOOD - GROCERY
I-16060,SUMAC GROUND,135.000,g,1.000,g,SPICES
I-3592,SUNFLOWER RAW*TFC,2.000,bag,1.500,Kg,FOOD - GROCERY
I-3667,SUNFLOWER SEED HULLED RST,12.000,Kg,1.000,Kg,FOOD - GROCERY
I-6810,SWEET POTATO 5LB,5.000,lb,1.000,lb,PRODUCE
I-30167,"SWEET POTATO DICED 1/4""",5.000,lb,1.000,lb,PRODUCE
I-4913,"SWEET POTATO DICED 3/4 US""",5.000,lb,1.000,lb,PRODUCE
I-16979,SWEET POTATO PEELED,5.000,lb,1.000,lb,PRODUCE
I-1559,SWEETENER HONEY 1 LITER,1.000,bottle,1.000,L,BEVERAGE
I-1561,SWEETENER SUGAR FREE,1.000,bottle,1.000,L,BEVERAGE
I-1564,SYRUP CANE SUGAR,1.000,bottle,1.000,L,BEVERAGE
I-3670,SYRUP MAPLE*CDN ORIG,6.000,JUG,2.000,L,FOOD - GROCERY
I-3671,SYRUP TABLE*PANCAKE MAPLE ,2.000,jar,4.000,L,FOOD - GROCERY
I-11401,TARO ROOT,1.000,lb,1.000,lb,PRODUCE
I-22489,"TART BUTTER PLAIN 3"" ",48.000,ea,1.000,ea,BAKED GOODS
I-1404,TART GF BUTTER SINGLE WRAPPED,24.000,CT,1.000,CT,BAKED GOODS
I-1406,TART GF CHOCO DIPPED PECAN ,24.000,CT,1.000,CT,BAKED GOODS
I-65992,"TART GF PECAN 4""",12.000,ea,1.000,ea,BAKED GOODS
I-52560,TART HAZELNUT VENUS IND G/F  ,24.000,each,1.000,each,BAKED GOODS
I-31541,"TART LEMON CURD 3""",24.000,ea,1.000,ea,BAKED GOODS
I-61332,"TART LEMON CURD 4""",12.000,ea,1.000,ea,BAKED GOODS
I-38957,"TART PUMPKIN 4"" AUNTIE AUDREY'",12.000,ea,1.000,ea,BAKED GOODS
I-37649,TEA BLACK BREAKFAST BLEND,6.000,box,16.000,each,BEVERAGE
I-37648,TEA BLACK CHAI,6.000,box,16.000,each,BEVERAGE
I-37651,TEA BLACK EARL GREY,6.000,box,16.000,each,BEVERAGE
I-37650,TEA GREEN COCONUT GINGER,6.000,box,16.000,each,BEVERAGE
I-37652,TEA GREEN JAPANESE,6.000,box,16.000,each,BEVERAGE
I-37655,TEA HERBAL CAMOMILE SWEET,6.000,box,16.000,each,BEVERAGE
I-37653,TEA HERBAL LEMON GINGER,6.000,box,16.000,each,BEVERAGE
I-37654,TEA HERBAL PEPPERMINT,6.000,box,16.000,each,BEVERAGE
I-3952,TEMPEH (10LB BOX FZ),10.000,lb,1.000,lb,MISC.
I-60843,TEMPEH ORIGINAL,12.000,each,227.000,g,MISC.
I-3318,THYME WHOLE,1.000,pak,236.000,g,SPICES
I-1065,TIRAMISU LAYER*SUPER 12X16I,1.000,SHEET,1.000,SHEET,BAKED GOODS
I-64875,TMRW BEEF GRND VEGAN FZ,2.000,bag,5.000,lb,MEAT
I-64876,TMRW BURGER PATTIES VEGAN,40.000,each,1.000,each,MEAT
I-64877,TMRW SAUSAGE BREAKFAST PATTY,100.000,each,1.000,ea,MEAT
I-7388,TOFU EXTRA FIRM,12.000,CT,0.350,Kg,FOOD - GROCERY
I-3110,TOFU EXTRA*FIRM ,12.000,pak,350.000,g,FOOD - GROCERY
I-12324,TOFU SMOKED ROBERT ASHTON,10.000,Kg,1.000,Kg,FOOD - GROCERY
I-40428,TOGARASHI DRY CHILI W/SEA SALT,12.000,ea,55.000,g,SPICES
I-44341,TOGARASHI NANAMI CHILI BLEND,1.000,pak,500.000,g,SPICES
I-19617,TOMATILLO FRESH,1.000,lb,1.000,lb,PRODUCE
I-4920,TOMATILLOS,10.000,lb,1.000,lb,PRODUCE
I-3676,TOMATO CRUSHED EXTRA HVY TFC,6.000,LG CAN,2.840,L,FOOD - GROCERY
I-19737,TOMATO CRUSHED*,6.000,LG CAN,2.840,L,FOOD - GROCERY
I-3678,TOMATO DCD*IN JUICE,6.000,LG CAN,2.840,L,FOOD - GROCERY
I-3677,TOMATO FIRE*RST DCD ,6.000,LG CAN,2.840,L,FOOD - GROCERY
I-3679,TOMATO PEAR DCD TFC,6.000,LG CAN,2.840,L,FOOD - GROCERY
I-2948,TOMATO POLPA DI POMDORO POMI,10.000,Kg,1.000,Kg,FOOD - GROCERY
I-3681,TOMATO PUREE HEAVY TFC,6.000,LG CAN,2.840,L,FOOD - GROCERY
I-2949,TOMATO SAN MARZANO LA REGINA,6.000,LG CAN,100.000,fl oz,FOOD - GROCERY
I-18803,TOMATO SUNDRIED*IN OIL,8.000,L,1.000,L,FOOD - GROCERY
I-4927,TOMATOES CHERRY LOOSE CLAM BC,12.000,pak,340.000,g,PRODUCE
I-17159,TOMATOES GRAPE 10LB,10.000,lb,1.000,lb,PRODUCE
I-10265,TOMATOES HEIRLOOM BC,1.000,lb,1.000,lb,PRODUCE
I-4930,TOMATOES HEIRLOOM CHER ORGBC,12.000,lb,1.000,lb,PRODUCE
I-35791,TOMATOES ROMA,10.000,lb,454.000,g,PRODUCE
I-4933,TOMATOES ROMA MX,25.000,lb,1.000,lb,PRODUCE
I-55627,TONICA BLUEBERRY 355ML,12.000,each,1.000,each,BEVERAGE
I-55632,TONICA GOJI GRAPEFR 355ML,12.000,each,1.000,each,BEVERAGE
I-55629,TONICA GREEN TEA 355 ML,12.000,each,1.000,each,BEVERAGE
I-55630,TONICA MANGO 355ML,12.000,each,1.000,each,BEVERAGE
I-55631,TONICA ORIGINAL 355ML,12.000,each,1.000,each,BEVERAGE
I-15358,TORTILLA CORN*WHTE 6IN EX THN,12.000,pak,54.000,ea,FOOD - GROCERY
I-29388,TORTILLA FLOUR 4.5 IN,25.000,DOZ,12.000,CT,BAKED GOODS
I-9341,"TORTILLA FLOUR*6""",24.000,pak,12.000,CT,BAKED GOODS
I-1152,TORTILLA FLOUR*W/ WHEAT 12IN,12.000,pak,10.000,CT,BAKED GOODS
I-1149,TORTILLA SUNDRIED TOMATO 10IN,12.000,pak,10.000,CT,BAKED GOODS
I-17047,TUNA  ALBACORE LOIN MED MSC,1.000,lb,1.000,lb,SEAFOOD
I-3690,TUNA FLAKED*LT WATER TFC,6.000,POUCH,1.220,Kg,FOOD - GROCERY
I-29019,TUNA FLAKES DRIED BONITO ,6.000,bag,500.000,g,FOOD - GROCERY
I-7791,TURKEY BNQ ST THIGH-BRST,1.000,Kg,1.000,Kg,POULTRY
I-7065,TURKEY RST COMBO SURE SLICE,1.000,Kg,1.000,Kg,POULTRY
I-27407,TURKEY SAUSAGE BREAKFAST,20.000,ea,1.000,ea,POULTRY
I-3968,TURKEY SCHNITZEL*BRD WHT ,4.000,Kg,1.000,Kg,POULTRY
I-3654,TURMERIC GROUND ,5.000,lb,454.000,g,SPICES
I-9834,TURNIP YELLOW,5.000,lb,1.000,CT,PRODUCE
I-40436,UMAMI DUST SEASONING,1.000,each,454.000,g,SPICES
I-48731,VAL|Cookies Ginger Bear 6ea,6.000,ea,1.000,ea,PRODUCTION FOOD
I-48730,VAL|Cookies Heart,6.000,ea,1.000,ea,PRODUCTION FOOD
I-48727,VAL|G&G|Val Chia Pudding,1.000,ea,1.000,ea,PRODUCTION FOOD
I-48619,VALENTINE CAKE COCO HEART ,6.000,ea,1.000,ea,FOOD - GROCERY
I-42103,VALENTINE COOKIES GINGER BEAR,1.000,ea,1.000,ea,FOOD - GROCERY
I-48618,VALENTINE COOKIES HEART ,6.000,ea,1.000,ea,FOOD - GROCERY
I-54838,Valentine GF Sandwich Cookies,12.000,ea,1.000,ea,FOOD - GROCERY
I-1468,VANILLA PASTE 32 OZ COBRA,32.000,fl oz,1.000,fl oz,BAKING-RAW INGREDIENTS
I-6781,VEAL BONES KNUCKLE ,1.000,Kg,1.000,Kg,MEAT
I-9662,VEAL BONES MARROW,1.000,Kg,1.000,Kg,MEAT
I-5172,VEGETABLE SALAD SUSHI ROLL ,1.000,pak,1.000,pak,SUSHI
I-3691,VINEGAR APPLE CIDER ORGANIC,1.000,JUG,3.780,L,FOOD - GROCERY
I-9382,VINEGAR APPLE CIDER PURE,1.000,JUG,5.000,L,FOOD - GROCERY
I-3692,VINEGAR BALSAMIC PAIL,2.000,pail,5.000,L,FOOD - GROCERY
I-21727,VINEGAR BALSAMIC RASPBERRY,1.000,bottle,225.000,ml,FOOD - GROCERY
I-3695,VINEGAR RED*WINE TFC,2.000,JUG,5.000,L,FOOD - GROCERY
I-3696,VINEGAR RICE*,12.000,710ml,710.000,ml,FOOD - GROCERY
I-3697,VINEGAR SHERRY*,2.000,JUG,5.000,L,FOOD - GROCERY
I-3698,VINEGAR WHITE*PURE DISTILLED ,4.000,JUG,5.000,L,FOOD - GROCERY
I-6825,VINEGAR WHT WINE TFC,2.000,JUG,5.000,L,FOOD - GROCERY
I-2822,VITA BLACKCURRANT,48.000,CT,1.000,CT,BEVERAGE
I-2823,VITA CEYLON LEMON TEA,48.000,CT,1.000,CT,BEVERAGE
I-2825,VITA HONEY CHRYSANTHEMUM,48.000,CT,1.000,CT,BEVERAGE
I-2826,VITA LEMON TEA,48.000,CT,1.000,CT,BEVERAGE
I-2828,VITA LYCHEE,48.000,CT,1.000,CT,BEVERAGE
I-2829,VITA MANGO,48.000,CT,1.000,CT,BEVERAGE
I-40911,VITA SOY BLACK ,48.000,CT,1.000,CT,BEVERAGE
I-2833,VITA SOY CHOCOLATE SOYA DRINK,48.000,CT,1.000,CT,BEVERAGE
I-2834,VITA SOY COCONUT SOYA DRINK,48.000,CT,1.000,CT,BEVERAGE
I-2835,VITA SOY LESS SUGAR,48.000,CT,1.000,CT,BEVERAGE
I-2836,VITA SOY MALT,48.000,CT,1.000,CT,BEVERAGE
I-2837,VITA SOY MELON SOYA DRINK,48.000,CT,1.000,CT,BEVERAGE
I-60536,WAFERS CHOC SEMI SWEET 52%,4.000,pak,2.500,Kg,FOOD - GROCERY
I-17622,WAFFLES BLUBRRY - GF/WF,12.000,box,6.000,ea,FOOD - GROCERY
I-45754,WATER ACTIVE LEMON LIME ,12.000,450ML,1.000,450ML,BEVERAGE
I-45755,WATER ACTIVE ORANGE MANGO,12.000,450ML,1.000,450ML,BEVERAGE
I-45756,WATER ACTIVE STRAWB BLK CHERRY,12.000,450ML,1.000,450ML,BEVERAGE
I-3738,WATER COCONUT BLUE MONKEY,24.000,330ML,1.000,330ML,BEVERAGE
I-14020,WATER COCONUT ZICO ORIGINAL,12.000,CT,1.000,CT,BEVERAGE
I-1644,WATER DASANI*591ML,24.000,591ML,1.000,bottle,BEVERAGE
I-1656,WATER EVIAN 12/1L ,12.000,1L,1.000,bottle,BEVERAGE
I-1655,WATER EVIAN 500ML,24.000,500ML,1.000,bottle,BEVERAGE
I-5983,WATER FOR RECIPES,1.000,L,1.000,L,BEVERAGE
I-43249,WATER FRUIT 500ML BLACK CHERRY,12.000,500ML,1.000,bottle,BEVERAGE
I-43250,WATER FRUIT 500ML PEACH MANGO,12.000,500ML,1.000,bottle,BEVERAGE
I-43251,WATER FRUIT 500ML PINEAPPLE ,12.000,500ML,1.000,bottle,BEVERAGE
I-47779,WATER SMART 1L ,12.000,ea,1.000,ea,BEVERAGE
I-63090,WATER SMART ALKALINE,12.000,ea,1.000,ea,BEVERAGE
I-63017,WATER SMART ANTIOXID,12.000,ea,1.000,ea,BEVERAGE
I-63089,WATER SMART SPORT 700ML,24.000,ea,1.000,ea,BEVERAGE
I-1671,WATER SMARTWATER*591ML,24.000,BX,1.000,bottle,BEVERAGE
I-47180,WATER SPARKLING SMART,24.000,591ML,1.000,bottle,BEVERAGE
I-1674,WATER VITAMIN ESNTL,12.000,591ML,1.000,591ML,BEVERAGE
I-1676,WATER VITAMIN MEGA,24.000,591ML,1.000,591ML,BEVERAGE
I-31096,WATER VITAMIN SHINE,12.000,ea,1.000,ea,BEVERAGE
I-1680,WATER VITAMIN XXX,12.000,591ML,1.000,591ML,BEVERAGE
I-13275,WATER VITAMIN ZERO RISE,12.000,591ML,1.000,591ML,BEVERAGE
I-47310,WATER VITAMIN ZERO SQUEEZED,12.000,ea,1.000,ea,BEVERAGE
I-1683,WATER VITAMIN ZERO XOXO,12.000,each,1.000,591ML,BEVERAGE
I-1673,WATER VITAMIN*ENERG,12.000,591ML,1.000,591ML,BEVERAGE
I-1675,WATER VITAMIN*FOCUS,12.000,591ML,1.000,591ML,BEVERAGE
I-1677,WATER VITAMIN*MULTI-V,12.000,591ML,1.000,591ML,BEVERAGE
I-4947,WATERCRESS(24 CT) US,3.000,CT,1.000,CT,PRODUCE
I-4949,WATERMELON SDLS MX,1.000,lb,1.000,lb,PRODUCE
I-52119,WILD TEA Kombucha Cola,24.000,ea,1.000,ea,BEVERAGE
I-52121,WILD TEA Kombucha Cream Soda,24.000,ea,1.000,ea,BEVERAGE
I-52118,WILD TEA Kombucha Orange,24.000,ea,1.000,ea,BEVERAGE
I-52120,WILD TEA Kombucha Rootbeer,24.000,ea,1.000,ea,BEVERAGE
I-7949,WINE COOKING MIRIN,6.000,bottle,1.800,L,FOOD - GROCERY
I-7061,WINE RED KITCHEN,1.000,16L,16.000,L,MISC.
I-7060,WINE WHITE KITCHEN,1.000,16L,16.000,L,MISC.
I-32263,WONTON SHRIMP AND PORK O/W,280.000,ea,1.000,ea,FOOD - GROCERY
I-2772,WRAP BEEF ,1.000,CT,1.000,CT,FOOD - GROCERY
I-38987,WRAP BREAKFAST HAM & CHEESE,1.000,ea,1.000,ea,FOOD - GROCERY
I-38988,WRAP BREAKFAST MEDITERRANEAN,1.000,ea,1.000,ea,FOOD - GROCERY
I-2773,WRAP BUTTER CHICKEN WRAP,1.000,CT,1.000,CT,FOOD - GROCERY
I-2774,WRAP SPINACH AND CHICKPEA WRAP,1.000,CT,1.000,CT,FOOD - GROCERY
I-11180,XANTHAM GUM,0.400,Kg,1.000,Kg,FOOD - GROCERY
I-4951,"YAMS DICED 3/4 --""",5.000,lb,1.000,lb,PRODUCE
I-4952,YAMS HAND PEELED,25.000,lb,1.000,lb,PRODUCE
I-29081,YEAST B12 NUTRITIONAL BULK,10.000,Kg,1000.000,g,FOOD - GROCERY
I-41555,YERBA MATE BLUEPHORIA 458 ML,12.000,ea,1.000,ea,BEVERAGE
I-11791,YERBA MATE CLASSIC GOLD 355ML,12.000,each,1.000,each,BEVERAGE
I-11792,YERBA MATE CRAN POM 355ML,12.000,each,1.000,each,BEVERAGE
I-11795,YERBA MATE ENLIGHTEN MINT 458M,12.000,each,1.000,each,BEVERAGE
I-41838,YERBA MATE GRAPEFRUIT/GING355m,12.000,each,1.000,each,BEVERAGE
I-11793,YERBA MATE LEMON ELATION 458ML,12.000,each,1.000,each,BEVERAGE
I-11794,YERBA MATE REVEL BERRY 458ML,12.000,each,1.000,each,BEVERAGE
I-3771,YERBA MATE TEA ORG TRADITIONAL,6.000,lb,1.000,lb,BEVERAGE
I-42879,YERBA MATE UNSWEETENED TERERE,12.000,each,1.000,each,BEVERAGE
I-2194,YOGURT BLUEBERRY STIRRED 175G,1.000,CT,1.000,CT,DAIRY
I-2170,YOGURT DRINK ASST,12.000,PTN,1.000,PTN,DAIRY
I-2199,YOGURT FLDBRY STIRRED 175G ,1.000,un,1.000,CT,DAIRY
I-2195,YOGURT FRENCH VANILA FF 175G ,1.000,CT,1.000,CT,DAIRY
I-19633,YOGURT FROZEN MIX ,1.000,pak,1.000,pak,ICECREAM/NOVELTY/GELATO
I-32227,YOGURT GREEK ALT BLUEBERRY,12.000,120UN,1.000,ea,DAIRY
I-32229,YOGURT GREEK ALT STRAWBERRY ,12.000,ea,1.000,ea,DAIRY
I-43722,YOGURT GREEK VEGAN,2.640,Kg,1.000,Kg,DAIRY
I-6850,YOGURT GREEK*,1.000,TUB,4000.000,g,DAIRY
I-11662,YOGURT PEACH 175G STIRRED,1.000,CT,1.000,CT,DAIRY
I-2196,YOGURT PEACH FF 175G ,1.000,CT,1.000,CT,DAIRY
I-2197,YOGURT RASPBERRY STIRRED 175G,1.000,CT,1.000,CT,DAIRY
I-2201,YOGURT RASPBERRY STIRRED 175G ,1.000,CT,1.000,CT,DAIRY
I-20923,YOGURT SOY MULTIPACK,36.000,CT,1.000,CT,DAIRY
I-2171,YOGURT STRAWB*POUCH,4.000,POUCH,2.000,Kg,DAIRY
I-2198,YOGURT STRAWBERRY STIRRED 175G,1.000,CT,1.000,CT,DAIRY
I-2202,YOGURT STRAWBRY STIRRED 175G ,1.000,CT,1.000,CT,DAIRY
I-2172,YOGURT VAN POUCH,4.000,POUCH,2.000,Kg,DAIRY
I-6849,YOGURT VANILLA,12.000,CT,150.000,g,DAIRY
I-68111,YOGURT YOGGU*PLAIN COCONUT,3.500,Kg,1.000,Kg,DAIRY
I-4962,ZUCCHINI BC,25.000,lb,1.000,lb,PRODUCE
I-4967,ZUCCHINI MED FCY MX,25.000,lb,1.000,lb,PRODUCE
