PrepId,Description,PakQty,PakUOM,InventoryGroup,StdQty,StdUom
P-61901,ADD|Gomae|broccoli,120.0,g,,120.0,g
P-57304,ADD|Pasta accoutresmonts| +2,150.0,g,,150.0,g
P-47540,Alfredo- 2018,15.0,L,PREP,15000.0,ml
P-46066,Almond Milk Yeild ,900.0,ml,,900.0,ml
P-49557,ALMOND UNSALTED CUP,1.0,cup,PREP,236.588125,ml
P-8814,Aoli- RoastedGarlic Thyme,1.1,L,,1100.0,ml
P-49605,APPLE|Cubed ,75.0,g,,75.0,g
P-46871,Arancini- dredge,1.5,Kg,,1500.0,g
P-26184,BAKED|Beans,9.0,Kg,PREP,9000.0,g
P-55682,BAKED|Beans|FF,10.0,Kg,PREP,10000.0,g
P-54666,BAKED|Pasta|Chicken Alfredo,6.176,Kg,,6176.0,g
P-54664,BAKED|Pasta|Chorizo Penne,7.36,Kg,,7360.0,g
P-48759,BANANA CHIP CUP G&G,1.0,cup,PREP,236.588125,ml
P-70055,BASIC|Egg Omelette|AAD,1.0,each,,1.0,each
P-44724,BASIC|Omelett|Egg White,1.0,each,,1.0,each
P-41321,BATCH| Fish Batter 2.0,1.2,L,FEAST,1200.0,ml
P-27317,BATCH|3 Bean Vegetable Chili,21.0,Kg,PREP,21000.0,g
P-26682,BATCH|Black/White Sesame Seeds,907.186,g,PREP,907.186,g
P-68381,BATCH|Brocco Wings|Baked,1.0,Kg,,1000.0,g
P-56699,BATCH|Cauliflower Wings|Baked,1.0,Kg,,1000.0,g
P-55945,BATCH|Chaat Salad,1.5,Kg,,1500.0,g
P-64163,Batch|Chicken Burger|Shoyu,7.65,Kg,PREP,7650.0,g
P-68227,BATCH|Chickpea Vindaloo,1.2,Kg,PREP,1200.0,g
P-26333,BATCH|Citrus Herb Aioli,3.0,L,PREP,3000.0,ml
P-53598,BATCH|Coleslaw mix,1.5,Kg,,1500.0,g
P-56629,BATCH|Corn Succotash,2.7,Kg,,2700.0,g
P-56398,BATCH|Guacamole,4.5,Kg,PREP,4500.0,g
P-44643,BATCH|Hashbrown|GRL,2.0,Kg,,2000.0,g
P-26075,BATCH|Jalapeno Cilantro Slaw,5.0,Kg,PREP,5000.0,g
P-56427,BATCH|Olive Tapenade ,350.0,g,,350.0,g
P-58350,BATCH|Pumpkin Coconut Sauce,5.0,L,,5000.0,ml
P-43729,BATCH|Shoyu Chicken Thigh,7.65,Kg,PREP,7650.0,g
P-56698,BATCH|Tofu Lardons,1.0,Kg,,1000.0,g
P-56763,BATCH|Vegan Blanco sauce|MC,0.75,L,,750.0,ml
P-69680,BATCH|ZucStick|Baked,1.0,Kg,,1000.0,g
P-56700,BATTER|Cauliflower Wings,1.0,L,,1000.0,ml
P-15353,BATTER|Tempura,5.0,L,PREP,5000.0,ml
P-44752,BBQ Farmers lunch chicken,120.0,g,,120.0,g
P-47328,BBQ|salmon ,140.0,PTN,,140.0,PTN
P-47705,BC Mushroom Quinoa Bowl,1.0,each,,1.0,each
P-29190,Bean-Mixed Ragout Prep,15.0,Kg,,15000.0,g
P-45097,Beans-GarbanzoYeild,1.9,Kg,,1900.0,g
P-7636,Beans-Kidney Yeild,1.9,Kg,,1900.0,g
P-37867,Beans-Romano Prep,5.0,Kg,,5000.0,g
P-49155,BEEF|SHVD inside round|Pho|FLX,6.0,Kg,,6000.0,g
P-22761,BEV|Juice Bulk|Apple,18.62,L,,18620.0,ml
P-22764,BEV|Juice Bulk|Orange,15.96,L,,15960.0,ml
P-22768,BEV|Pop|Bulk|Coke Diet,120.0,L,,120000.0,ml
P-62687,BEV|Pop|Bulk|Coke Zero,60.0,L,,60000.0,ml
P-64865,big chicken wing|GRL,9.9,Kg,,9900.0,g
P-52941,BISQUE|Coconut| taco Prawn|FLX,0.5,L,,500.0,ml
P-49760,BLANCHED|Sprouts Spinach,0.2,Kg,,200.0,g
P-61843,BNO|Burrito Vegetables|VEGAN,0.5,Kg,,500.0,g
P-26047,BOILED|Hard Boiled Eggs FT,50.0,ea,PREP,2500.0,g
P-49607,BONES|Halibut|Bouillabaisse ,35.0,L,,35000.0,ml
P-61995,BOUQETGARNIS|bay rosmur thyme,600.0,g,,600.0,g
P-53001,BOUQETGARNIS|lemongrass thyme,600.0,g,,600.0,g
P-50473,BRAISED|Beef Short Ribs,8.5,Kg,PREP,8500.0,g
P-44691,BRAISED|cabbage,9.5,Kg,PREP,9500.0,g
P-13890,Bread for toast,30.0,slice,,1500.0,g
P-64672,Bread ratio|popRS,1.0,CT,,45.0,g
P-50725,BREAD|Focaccia|Portion ,32.0,ea,PREP,907.9999999999999,g
P-7523,BREAD|Garlic bread country|1ea,12.0,ea,PREP,340.49999999999994,g
P-62284,BREAD|Garlic cheezey toast|FLX,16.0,ea,,954.0,g
P-48520,BREAD|Garlic|SourDough5/8,22.0,slice,,954.0,g
P-50831,BREADED|Chicken|Karaage Thigh,4.5,Kg,,4500.0,g
P-45062,BREADING|Chick Wings|GFree,7.3,Kg,PREP,7300.0,g
P-50829,BRINE|Pork Belly|overnight,8.0,Kg,,8000.0,g
P-50535,BRINE|Pork|Liquid,43.0,L,,43000.0,ml
P-69856,BRINED|chicken thigh|FNH,150.0,g,,150.0,g
P-51131,BRINED|Pork Butt|Marinated,8.0,Kg,,8000.0,g
P-58362,BRINED|Turkey|Breast,9.0,Kg,PREP,9000.0,g
P-44906,Broccoli-Vegan Cheese Prep,1.275,Kg,,1275.0,g
P-29126,BROTH dashi old recipe,11.0,L,PREP,11000.0,ml
P-7537,BROTH|Beef Broth| from Conc,20.0,L,,20000.0,ml
P-49606,BROTH|Bouillabaisse|DOD,20.0,L,PREP,20000.0,ml
P-53147,BROTH|Ramen|MISO,120.0,L,,120000.0,ml
P-26101,BROTH|Ramen|tonkotsu,30.0,L,PREP,30000.0,ml
P-43933,BROTH|Udon,120.0,L,PREP,120000.0,ml
P-53000,BRUISED|Lemongrass,1000.0,g,,1000.0,g
P-36858,Brussel Sprout-Fried,4.5,Kg,PREP,4500.0,g
P-46861,Buns- toasted po-boy slider,12.0,each,,12.0,each
P-51231,BURGER|Sets|basic,275.0,each,,13750.0,g
P-46863,BUTTER|Clarified,0.75,Kg,,750.0,g
P-6567,BUTTER|Garlic chili lime|JB,2.2,Kg,PREP,2200.0,g
P-26077,BUTTER|Garlic|Good,2.268,Kg,PREP,2268.0,g
P-43641,BUTTER|Maple,700.0,g,PREP,700.0,g
P-46634,BVSTO - Bannock,3000.0,g,,3000.0,g
P-46644,BVSTO - Fire Roasted Corn,96.0,PTN,,96.0,PTN
P-46636,BVSTO - Vegan Mushroom Ragout,6.0,Kg,,6000.0,g
P-46638,BVSTO - Wild Rice ,3.5,Kg,,3500.0,g
P-46641,BVSTO- Wild & BrownRice Pilaf,30.0,PTN,,5160.0,g
P-46635,BVSTO|2% salt brine,10.0,L,,10000.0,ml
P-46643,BVSTO|Salmon (Brined&Smoked),50.0,PTN,,50.0,PTN
P-46516,CAL|Enchilada Filling,2.25,Kg,,2250.0,g
P-40626,CAL|Enchilada Sauce,1.0,L,PREP,1000.0,ml
P-46514,CAL|Roasted Jalepeno,0.8,Kg,,800.0,g
P-59581,CAL|Tofu|Cumin & Lime,5.0,Kg,PREP,5000.0,g
P-40407,Caliente-Chips & Salsa,1.0,1UN,,230.5,g
P-40627,Caliente-Quinoa Enchilada,15.0,PTN,PREP,15.0,PTN
P-46078,Cantaloupe Yeild,1.9,Kg,,1900.0,g
P-14076,Cereal Breakfast - Small Bowl,6.0,PTN,,700.0,g
P-14077,Cereal Breakfast Lg Bowl,6.0,PTN,,1400.0,g
P-49589,CEVICHE|Scallop|FLX,1.1,Kg,,1100.0,g
P-14135,Cheese White Cheddar Sliced,2.0,slice,,2.0,slice
P-54198,Cheese|tortellini,13.0,Kg,,13000.0,g
P-70815,Chicken Marinated LemonGrass,18.0,Kg,,18000.0,g
P-64422,Chickpeagreeksalad|popRS,20.0,Kg,,20000.0,g
P-50500,CHIFFONADE|Basil,190.0,g,,190.0,g
P-57337,CHIFFONADE|Mint,1.0,Kg,,1000.0,g
P-61991,CHILLED|brocco & cauli,500.0,g,,500.0,g
P-48763,CHOCOLATE ALMOND BARK CUP,1.0,cup,PREP,236.588125,ml
P-49418,CHOCOLATE RAISINS CUP,1.0,cup,PREP,236.588125,ml
P-56946,CHOPPED|anchovy|PREP,1.0,Kg,,1000.0,g
P-24750,CHOPPED|Cilantro,0.5,Kg,,500.0,g
P-50517,CHOPPED|Dill,310.0,g,,310.0,g
P-53735,CHOPPED|pickle,900.0,g,,900.0,g
P-54799,CHOWDOWN|Broth|SP,20.0,L,,20000.0,ml
P-53373,Compote| Rhubarb strawb,7.0,Kg,,7000.0,g
P-26022,COMPOTE|Apple,1.3,L,ZDONT USE OK - PREP,1300.0,ml
P-50739,COMPOTE|Apple Cinnamon|AAD,2.5,L,PREP,2500.0,ml
P-64884,Compote|Blackberry|AAD,7.0,Kg,,7000.0,g
P-47839,COMPOTE|Blueberry|AAD,2.2,L,PREP,2200.0,ml
P-50337,COMPOTE|Peach Rosemary,5.5,L,,5500.0,ml
P-69599,COMPOTE|strawberry rhubarb,3.268,L,PREP,3268.0,ml
P-58949,COMPOTE|Strawberry|AAD,7.0,L,PREP,7000.0,ml
P-55265,COOK|Eggplant grilled|POP,10.0,Kg,,10000.0,g
P-44817,COOKED|2 squash blend|SL,4.0,Kg,,4000.0,g
P-55099,COOKED|6 oz Burger Patty,1.0,PTN,,170.0,g
P-35823,COOKED|Aloo Gobi,11.0,Kg,PREP,11000.0,g
P-50231,COOKED|Asparagus,0.05,Kg,,50.0,g
P-34084,COOKED|Bacon,0.02,Kg,PREP,20.0,g
P-50866,COOKED|Bacon Porkloin|SL,1.6,Kg,PREP,1600.0,g
P-51508,COOKED|Bacon|(2) Slice,2.0,slice,,57.0,g
P-70741,Cooked|Bahn Mi Chicken,9.0,Kg,,9000.0,g
P-26913,COOKED|Baked Acorn Squash|,0.8,Kg,,800.0,g
P-48877,COOKED|beef flat roast|SL,5.0,Kg,,5000.0,g
P-50886,COOKED|Beet w/ Citrus Glazw|SL,4.75,Kg,PREP,4750.0,g
P-52947,COOKED|Beets|Charred,1.0,Kg,,1000.0,g
P-45118,COOKED|Beets|Roasted|SL,4.75,Kg,PREP,4750.0,g
P-51540,COOKED|Black Turtle Beans,3.0,Kg,,3000.0,g
P-52946,COOKED|Blistered raddish|,100.0,g,,100.0,g
P-50758,COOKED|Bok choy|SL,1.5,Kg,,1500.0,g
P-50761,COOKED|Braised Cabbage|SL,2.0,Kg,,2000.0,g
P-37778,COOKED|Broccoli|SL,4.0,Kg,,4000.0,g
P-50749,COOKED|Brown Rice & herb|SL,4.0,Kg,,4000.0,g
P-50717,COOKED|Brussel sprout Roasted,0.85,Kg,,850.0,g
P-56910,COOKED|burger blend|GRL,1.0,PTN,,122.0,g
P-7337,COOKED|Butter Chicken|USE ME,55.0,Kg,PREP,55000.0,g
P-53814,COOKED|buttermilk chicken,1.0,ea,,140.0,g
P-9852,"COOKED|Butternut Squash|3/4""",1.7,Kg,,1700.0,g
P-50882,COOKED|Butternut Squash|BIGVEG,3.6,Kg,,3600.0,g
P-46545,COOKED|Cajun Chicken,16.0,Kg,PREP,16000.0,g
P-26068,COOKED|Caramelized Onion,1.2,Kg,PREP,1200.0,g
P-46357,COOKED|Caramelized Onion big,7.0,Kg,,7000.0,g
P-50712,COOKED|Carrots|maple evoo|SL,0.75,Kg,,750.0,g
P-50295,COOKED|Cauliflower + brocco|SL,180.0,g,,180.0,g
P-37780,COOKED|Cauliflower|Roast|Prep,4.5,Kg,,4500.0,g
P-50891,COOKED|Chard + coconut milk|SL,1.0,Kg,,1000.0,g
P-55141,COOKED|Charred Corn,2.0,Kg,PREP,2000.0,g
P-62160,COOKED|chicken breast skin ,0.75,Kg,,750.0,g
P-52117,COOKED|Chicken Lemon Pepper|SL,300.0,g,,300.0,g
P-65253,COOKED|Chicken pot pie|FILLING,7.0,Kg,PREP,7000.0,g
P-48870,COOKED|Chicken Stirfry ,6.3,Kg,,6300.0,g
P-46328,COOKED|Chicken Thigh B.I.x2|SL,180.0,g,,180.0,g
P-50777,COOKED|Chicken Thigh Herb|SL,150.0,g,PREP,150.0,g
P-51130,COOKED|Chicken Thigh|Boneless,140.0,g,PREP,140.0,g
P-56717,COOKED|Chicken thigh|Burger,140.0,g,,140.0,g
P-57066,COOKED|Chicken thigh|lemn/pepp,180.0,g,,180.0,g
P-62183,COOKED|Chicken thigh|rosemary,0.8,Kg,,800.0,g
P-51988,COOKED|Chicken Wings,9.9,Kg,PREP,9900.0,g
P-10873,COOKED|Chicken|Honey Sesame,4.0,Kg,PREP,4000.0,g
P-50854,COOKED|Chicken|Karaage,80.0,g,,80.0,g
P-40582,COOKED|Chicken|Lemongrass,8.5,Kg,PREP,8500.0,g
P-50876,COOKED|Chimichuri Thigh|SP,9.0,Kg,,9000.0,g
P-44592,COOKED|Chorizo Grind|GRL,3.5,Kg,PREP,3500.0,g
P-55260,COOKED|Coconut steamed/ rice,7.5,Kg,PREP,7500.0,g
P-53357,COOKED|Cod| POP|MR,0.75,Kg,,750.0,g
P-51145,COOKED|Cod|Taco Meat,0.75,Kg,,750.0,g
P-32192,COOKED|Creamed Corn,5.0,Kg,PREP,5000.0,g
P-56778,COOKED|Cremini mushroom|,0.75,Kg,,750.0,g
P-50620,COOKED|Creole Chicken thigh|SL,1.5,Kg,,1500.0,g
P-65937,COOKED|Crispy Chicken thigh,4.1,Kg,,4100.0,g
P-50921,COOKED|Crispy Chickpea,2.6,Kg,,2600.0,g
P-57373,COOKED|Crispy potatos,1.0,Kg,,1000.0,g
P-46911,COOKED|Crispy Yam Chips,3.5,Kg,,3500.0,g
P-50752,COOKED|Curry Brown Rice|SL,4.0,Kg,,4000.0,g
P-50870,COOKED|Curry steamed potato|SL,1.0,Kg,,1000.0,g
P-50624,COOKED|Dirty Rice|SL,600.0,g,,600.0,g
P-7137,COOKED|Drumsticks Halal,350.0,piece,,350.0,piece
P-45100,COOKED|Eggplant|Grilled ,9.75,Kg,,9750.0,g
P-26188,COOKED|Elbow Macaroni,2.0,lb,ZDONT USE OK - PREP,907.184,g
P-50879,COOKED|Fennel Roasted|SL,2.0,Kg,,2000.0,g
P-52127,COOKED|Garlic Mashed Potato|SL,4.0,Kg,,4000.0,g
P-50290,COOKED|Green beans|SL,2.0,Kg,,2000.0,g
P-9742,COOKED|Grilled Leeks,27.0,Kg,,27000.0,g
P-62436,COOKED|Halibut cocolime|SP,15.8,Kg,,15800.0,g
P-51134,COOKED|Hard Boiled Egg,2.0,un,PREP,100.0,g
P-50868,COOKED|Herb Potato Steamed,1.0,Kg,,1000.0,g
P-50884,COOKED|Honey Beets|SL,4.75,Kg,PREP,4750.0,g
P-50250,COOKED|Honey Glaze Carrots,18.5,Kg,,18500.0,g
P-50759,COOKED|Italian Veg|SL ,4.0,Kg,,4000.0,g
P-56942,COOKED|Kale wilted|plain|SL,1.25,Kg,,1250.0,g
P-50892,COOKED|Kale|wilted|SL,1.8,Kg,,1800.0,g
P-36899,COOKED|kuttera rst|SL,10.0,ea,SEAFOOD,10.0,ea
P-50638,COOKED|Lamb Leg Roast|SL,2.75,Kg,,2750.0,g
P-26229,COOKED|Lasagna Noodles,2.0,lb,ZDONT USE OK - PREP,907.184,g
P-55127,COOKED|Lasagna Vegetables,5.0,Kg,,5000.0,g
P-62143,COOKED|lasagne veg|SL,4.0,Kg,,4000.0,g
P-62087,COOKED|lemon thyme breast,1.0,Kg,,1000.0,g
P-47353,COOKED|Maple Salmon,11.0,Kg,,11000.0,g
P-50942,COOKED|Maple Yam Mash|SL,5.0,Kg,,5000.0,g
P-56934,COOKED|Marinated chicken|GZA,1.25,Kg,,1250.0,g
P-7093,COOKED|Mashed Potatoes,15.0,Kg,PREP,15000.0,g
P-50753,COOKED|Mexican Brown Rice,1.7,Kg,,1700.0,g
P-37870,COOKED|Mushroom,6.0,Kg,,6000.0,g
P-53319,COOKED|Olive dressed Thigh|SL,160.0,g,,160.0,g
P-50880,COOKED|Oyster Mushroom roasted,600.0,g,,600.0,g
P-50763,COOKED|Parsnip roasted|SL,1.6,Kg,,1600.0,g
P-10264,COOKED|Pasta|Macaroni,40.0,lb,PREP,18143.68,g
P-47828,COOKED|Pasta|Penne WW,9.072,Kg,PREP,9072.0,g
P-26216,COOKED|Pasta|Penne|WW,2.9,Kg,PREP,2900.0,g
P-50497,COOKED|Pasta|Spag|WW,4.0,Kg,PREP,4000.0,g
P-70984,COOKED|Pate brisee pastry lid,24.0,ea,,24.0,ea
P-14366,COOKED|Perogy,540.0,piece,,17500.0,g
P-68792,COOKED|Picadillo Beef,8.0,Kg,,8000.0,g
P-37297,COOKED|Poached Egg|Tray,1.0,each,,50.0,g
P-62112,COOKED|Por|Bacon/Pork loin,8.25,Kg,,8250.0,g
P-59795,COOKED|Porchetta Rolled,8.9,Kg,,8900.0,g
P-64521,COOKED|pork belly tajin|CAL,20.0,Kg,PREP,20000.0,g
P-32692,COOKED|Pork Belly|Asian,20.0,Kg,PREP,20000.0,g
P-50773,COOKED|Pork chop Cajun,12.0,CT,,12.0,CT
P-50776,COOKED|Pork chop|herbs|SL ,12.0,CT,,3140.0,g
P-62154,COOKED|Pork Loin|Ginger,750.0,g,,750.0,g
P-50864,COOKED|Pork Loin|maple balls,750.0,g,,750.0,g
P-50775,COOKED|Potato Herb|SL,1.0,Kg,,1000.0,g
P-50869,COOKED|Potato paprika Steamed,1.0,Kg,,1000.0,g
P-50240,COOKED|Potato Pave,2.5,Kg,,2500.0,g
P-50897,COOKED|Potato purple ubc|SL,9.0,Kg,,9000.0,g
P-50871,COOKED|Potato Roasted Curry,1.0,Kg,,1000.0,g
P-50940,COOKED|Potato|Mashed Kale,3.0,Kg,,3000.0,g
P-47346,COOKED|Potatos|potato salad,0.9,Kg,,900.0,g
P-57071,COOKED|Pozole pork|CAL,3.5,Kg,,3500.0,g
P-65834,COOKED|Prawn burger patty|POP|,85.0,g,,85.0,g
P-7736,COOKED|Quinoa,5.4,Kg,PREP,5400.0,g
P-50287,COOKED|Quinoa and Kale|SL,10.0,Kg,,10000.0,g
P-50873,COOKED|Quinoa curry,10.0,Kg,,10000.0,g
P-50872,COOKED|Quinoa Kale,0.11,Kg,,110.0,g
P-50288,COOKED|Quinoa|SL,10.0,Kg,,10000.0,g
P-51525,COOKED|Ramen Noodles,2.0,Kg,,2000.0,g
P-53781,COOKED|Ravioli|Butternutsquash,640.0,g,,640.0,g
P-50229,COOKED|RIB Braised,2.2,Kg,,2200.0,g
P-50754,COOKED|Rice Italian|SL,2.5,Kg,,2500.0,g
P-26143,COOKED|Rice|Brown Basmati,4.536,Kg,PREP,4536.0,g
P-41300,COOKED|Rice|Brown Calrose,2.5,Kg,PREP,2500.0,g
P-44637,COOKED|Rice|Chipotle,10.0,Kg,PREP,10000.0,g
P-35895,COOKED|Rice|Coconut Pilaf,5.0,Kg,PREP,5000.0,g
P-47329,COOKED|Rice|Garlic shallot|SL,3.5,Kg,,3500.0,g
P-50883,COOKED|Rice|Sushi,1.0,Kg,,1000.0,g
P-70678,COOKED|Rice|White sushi,2.5,Kg,PREP,2500.0,g
P-6975,COOKED|Rice|Whole Grain,9.0,Kg,,9000.0,g
P-26144,COOKED|Rice|With Beans,12.0,Kg,PREP,12000.0,g
P-50861,COOKED|Roast beef|SL,3.25,Kg,PREP,3250.0,g
P-50713,COOKED|Roasted Carrots ubc|SL,0.8,Kg,,800.0,g
P-50617,COOKED|Roasted Mushrooms|SL,0.6,Kg,,600.0,g
P-50757,COOKED|Roasted Peppers|SL,1.6,Kg,,1600.0,g
P-50372,COOKED|Roasted Pork Char sui,2.78,Kg,PREP,2780.0,g
P-7078,COOKED|Roasted rosemary potato,25.0,Kg,,25000.0,g
P-45072,COOKED|Root veg and sage,9.5,Kg,,9500.0,g
P-7119,COOKED|Root Vegetable UBC|SL,1.814,Kg,,1814.0,g
P-50769,COOKED|Salmon Cajun|SL,2.0,Kg,,2000.0,g
P-50767,COOKED|Salmon Candy Maple|SL,1.5,Kg,,1500.0,g
P-50770,COOKED|Salmon Citrus|SL,2.0,Kg,PREP,2000.0,g
P-50766,COOKED|salmon coconut ginger,9.0,Kg,,9000.0,g
P-50768,COOKED|Salmon dill|SL,1.9,Kg,,1900.0,g
P-58377,COOKED|salmon|kuttera skin off,850.0,g,,850.0,g
P-62148,COOKED|Salmon|SL,1.89,Kg,,1890.0,g
P-50615,COOKED|Side|Potato Scalloped,1.0,Kg,,1000.0,g
P-71079,COOKED|Sloppy Joe Sauce,65.0,L,PREP,65000.0,ml
P-26182,COOKED|Slow Roasted Ribs,16.0,Kg,PREP,16000.0,g
P-46359,COOKED|Smokie Sausage,4.75,Kg,,4750.0,g
P-26390,COOKED|Soba Noodles,4.536,Kg,PREP,4536.0,g
P-35337,COOKED|Soft Polenta,2.15,Kg,ZDONT USE OK - PREP,2150.0,g
P-35689,COOKED|Sorghum,3.28,Kg,PREP,3280.0,g
P-54792,COOKED|spinach wilted|DEL,0.5,Kg,,500.0,g
P-44737,COOKED|spinach|creamed,1.25,Kg,PREP,1250.0,g
P-57372,COOKED|Steamed potato,9.0,Kg,,9000.0,g
P-70971,COOKED|stephs chicken|POP,12.0,Kg,,12000.0,g
P-70974,cooked|stephscollard green|POP,1.5,Kg,,1500.0,g
P-34121,COOKED|StirFryChicken,4.0,Kg,PREP,4000.0,g
P-9857,COOKED|Sweet Potato ,15.876,Kg,,15876.0,g
P-60812,COOKED|Tart Shell,1.0,each,,120.0,g
P-57186,COOKED|Tempeh|Grilled,1.0,Kg,,1000.0,g
P-57263,COOKED|Tofu butter chicken,55.0,Kg,,55000.0,g
P-55605,COOKED|turkey pot pie|FILLING,7.0,Kg,PREP,7000.0,g
P-50862,COOKED|Turkey Roast|SL,22.5,Kg,PREP,22500.0,g
P-64696,COOKED|Turkey|Sliced|50g,50.0,g,,50.0,g
P-44753,COOKED|Veg|Ginger Garlic Broc,1.0,Kg,,1000.0,g
P-47360,COOKED|Vermicelli rice noodle,1.5,Kg,,1500.0,g
P-22963,COOKED|waffle|FNH,1.0,ea,PREP,1.0,ea
P-26884,COOKED|Whole Grain Brown Rice,4.0,Kg,,4000.0,g
P-55438,COOKED|WW Elbow Macaroni,9.09,Kg,PREP,9090.0,g
P-50941,COOKED|Yam Mashed|SL,9.0,Kg,,9000.0,g
P-62239,COOKED|Yam stuffed breast,150.0,g,,150.0,g
P-44631,Coriander seed powder,200.0,g,,200.0,g
P-9512,Couscous Mint Carrot Moro,5.0,Kg,,5000.0,g
P-26401,CRISPY|Chickpeas,2.75,Kg,ZDONT USE OK - PREP,2750.0,g
P-46546,CRUMBLED|Feta,2.9,Kg,,2900.0,g
P-44517,Crushed Spanish Potatos,0.454,Kg,,454.0,g
P-53002,CUBED|Fennel|Yield,780.0,g,,780.0,g
P-7570,CUT|Spring Roll Veggie,1.0,ea,,34.2,g
P-40886,Delish-Vegan Chocolate Mousse,10.0,PTN,,10.0,PTN
P-69721,DES|Bar|Apple Crumble,1.0,slice,BAKING-RAW INGREDIENTS,1.0,slice
P-22037,DES|Bar|Brownie Double Choc,1.0,slice,BAKING-RAW INGREDIENTS,70.0,g
P-22029,DES|Bar|Nanaimo,1.0,slice,BAKING-RAW INGREDIENTS,70.0,g
P-22032,DES|Bar|Rocky Road Brownie,1.0,slice,BAKING-RAW INGREDIENTS,70.0,g
P-48485,DES|Bar|Salty Caramel,1.0,slice,BAKING-RAW INGREDIENTS,70.0,g
P-50510,DES|Bar|Triple Chocolate,1.0,slice,BAKING-RAW INGREDIENTS,70.0,g
P-22030,DES|Cake|Black Forest,1.0,slice,BAKING-RAW INGREDIENTS,100.0,g
P-69723,DES|Cake|Carrot,1.0,slice,BAKING-RAW INGREDIENTS,1.0,slice
P-63831,DES|Cake|Chocolate Layer,1.0,slice,BAKING-RAW INGREDIENTS,100.0,g
P-69719,DES|Cake|German Chocolate,1.0,slice,BAKING-RAW INGREDIENTS,1.0,slice
P-69720,DES|Cake|Maple Mania,1.0,slice,BAKING-RAW INGREDIENTS,1.0,slice
P-38172,DES|Cake|Slice Assorted,1.0,PTN,BAKED GOODS,100.0,g
P-22048,DES|Cake|Sticky Toffee,1.0,slice,BAKING-RAW INGREDIENTS,100.0,g
P-22042,DES|Cake|Strawberry Cream,1.0,slice,BAKING-RAW INGREDIENTS,100.0,g
P-22049,DES|Cake|Tiramisu,1.0,slice,BAKED GOODS,100.0,g
P-63830,DES|Cake|Triple Tiger,1.0,slice,BAKING-RAW INGREDIENTS,100.0,g
P-65776,DES|Choco Nuts Bark|Uncle ED,4.0,Kg,,4000.0,g
P-48863,DES|Pudding|Coco Rice,12.0,CT,,2241.0,g
P-38170,DES|Square|Asst|Whole,1.0,PTN,BAKED GOODS,100.0,g
P-23837,DESSERT SOFT SERVE ASST,3.0,Kg,,3000.0,g
P-52950,DESSERT|Baked Yogurt|BBC,15.0,each,,15.0,each
P-50565,DICED|Carrot,0.95,Kg,,950.0,g
P-9717,DICED|Carrot Jumbo|1/4,1.0,lb,,453.592,g
P-9719,DICED|Carrot Jumbo|3/4,1.0,lb,,453.592,g
P-41094,"DICED|Carrot|1/4""",11.17,Kg,,11170.0,g
P-43702,"DICED|Carrot|3/4""",11.17,Kg,,11170.0,g
P-9735,DICED|Celery|1/4,0.454,Kg,,454.0,g
P-41095,"DICED|Celery|1/4""",13.608,Kg,,13608.0,g
P-9736,DICED|Celery|3/4,1.0,lb,,453.592,g
P-44314,"DICED|Celery|3/4""",13.608,Kg,,13608.0,g
P-51244,DICED|Cucumber,850.0,g,,850.0,g
P-10115,DICED|Cucumber,6.0,Kg,,6000.0,g
P-43962,"DICED|Cucumber|1/4""",3.3,Kg,PREP,3300.0,g
P-38554,"DICED|Cucumber|3/4""",3.3,Kg,PREP,3300.0,g
P-64015,DICED|Eggplant|Prep,0.7,Kg,,700.0,g
P-50692,DICED|Fry tofu,0.1,Kg,,100.0,g
P-9738,DICED|Green Onion|1/4,1.0,Kg,,1000.0,g
P-9741,DICED|Green Onion|1/8,1.0,Kg,,1000.0,g
P-9740,"DICED|Green Onion|3/4""",1.0,Kg,,1000.0,g
P-50839,DICED|Green Pepper,800.0,g,,800.0,g
P-35773,"DICED|Green Pepper|3/4""",1.0,Kg,PREP,1000.0,g
P-9768,DICED|GreenPepper|1/4 ,0.5,lb,,226.796,g
P-9769,DICED|GreenPepper|3/4,1.0,lb,,453.592,g
P-61994,DICED|ham,1.0,Kg,,1000.0,g
P-9746,DICED|Jumbo Onion|1/4,1.0,lb,,453.592,g
P-9748,DICED|Jumbo Onion|3/4,1.0,lb,,453.592,g
P-50563,DICED|Leek,0.45,lb,,204.1164,g
P-50550,DICED|Onion Red,23.0,lb,,10432.616,g
P-50552,DICED|Onion Yellow,23.0,lb,,10432.616,g
P-55960,DICED|Potato(small),1.0,Kg,,1000.0,g
P-43440,"DICED|Red Onion 1/4""",11.01,Kg,PREP,11010.0,g
P-57499,DICED|Red Onion 1/8,11.0,Kg,PREP,11000.0,g
P-38515,"DICED|Red Onion 3/4""",11.01,Kg,PREP,11010.0,g
P-50837,DICED|Red Pepper,800.0,g,,800.0,g
P-9765,"DICED|Red Pepper|1/4""",1.0,Kg,,1000.0,g
P-9767,DICED|Red Pepper|3/4,1.0,Kg,,1000.0,g
P-38516,"DICED|Red Pepper|3/4""",1000.0,g,,1000.0,g
P-44429,"DICED|Roma Tomato|1/4""",1.0,Kg,PREP,1000.0,g
P-50568,DICED|Shallot,0.95,Kg,,950.0,g
P-9783,DICED|Tomato Diced|1/8,1.0,lb,,453.592,g
P-9782,"DICED|Tomato|1/4""",0.454,Kg,,454.0,g
P-9784,"DICED|Tomato|3/4""",0.454,Kg,,454.0,g
P-38556,"DICED|Yellow Onion|1/4""",11.4,Kg,,11400.0,g
P-39167,"DICED|Yellow Onion|3/4""",11.01,Kg,,11010.0,g
P-9757,DICED|Zucchini|1/4,1.0,lb,,453.592,g
P-9758,DICED|Zucchini|3/4,1.0,lb,,453.592,g
P-45194,"DICED|Zucchini|3/4""",1.0,Kg,PREP,1000.0,g
P-22251,DRAINED| Kidney Bean ,1.85,Kg,PREP,1850.0,g
P-32678,DRAINED| Pinto Beans,2.0,Kg,PREP,2000.0,g
P-50802,DRAINED|Artichoke hearts,2.0,Kg,,2000.0,g
P-56067,DRAINED|Bamboo Shoot - RINSE,1.7,Kg,,1700.0,g
P-36504,DRAINED|Black Bean,1.74,Kg,,1740.0,g
P-31957,DRAINED|Black Beans,1.74,Kg,ZDONT USE OK - PREP,1740.0,g
P-38637,DRAINED|Caper,1.2,Kg,,1200.0,g
P-44790,DRAINED|Chickpea,0.8,L,,800.0,ml
P-28989,DRAINED|Chickpeas,1.8,Kg,PREP,1800.0,g
P-55135,DRAINED|Jackfruit,7.2,Kg,,7200.0,g
P-22250,DRAINED|Jalapeno Sliced,2.06,Kg,,2060.0,g
P-32663,DRAINED|Kalamata Olives,2.0,Kg,ZDONT USE OK - PREP,2000.0,g
P-35273,DRAINED|Pickle Spear,11.4,Kg,PREP,11400.0,g
P-52221,DRAINED|PickleSpears,9.5,Kg,,9500.0,g
P-56932,DRAINED|Pineapple,10.0,lb,,4535.92,g
P-61120,Drained|Redkidney| beans,2.0,Kg,,2000.0,g
P-7635,DRAINED|Turtle Black Beans,1.74,Kg,,1740.0,g
P-45642,DRESSIN|VinaigretteDONT USE,6.25,L,,6250.0,ml
P-49537,DRESSING | Mirin | Flex,1.4,L,,1400.0,ml
P-56459,DRESSING|Apple Cider,2.0,L,PREP,2000.0,ml
P-28217,DRESSING|Asian,16.0,L,PREP,16000.0,ml
P-26515,DRESSING|Asian Slaw,3.5,L,PREP,3500.0,ml
P-43675,DRESSING|Avocado Lime,4.0,L,PREP,4000.0,ml
P-42510,DRESSING|Avocado Vinaigrette,3.0,L,PREP,3000.0,ml
P-26048,DRESSING|Balsamic Vinny|FF,4.0,L,CK - FOOD,4000.0,ml
P-50539,DRESSING|Caesar|DEL,2.2,L,PREP,2200.0,ml
P-26074,DRESSING|Cilantro Slaw ,5.0,L,PREP,5000.0,ml
P-26058,DRESSING|Citrus Oil,1.0,L,PREP,1000.0,ml
P-26383,DRESSING|Cumin Lime,3.5,L,PREP,3500.0,ml
P-70819,DRESSING|Dijon Vin.,0.4,L,,400.0,ml
P-41309,DRESSING|Gomae,1.75,L,PREP,1750.0,ml
P-26051,DRESSING|Green Goddess,4.0,L,ZDONT USE OK - PREP,4000.0,ml
P-50965,DRESSING|Honey Rasberry vin,1.0,L,,1000.0,ml
P-35233,DRESSING|Honey Sesame,2.5,L,PREP,2500.0,ml
P-36571,DRESSING|Lemon Mint,20.0,L,PREP,20000.0,ml
P-25280,DRESSING|Lemon Tahini,250.0,ml,,250.0,ml
P-26053,DRESSING|Lemon Tahini ,3.7,L,PREP,3700.0,ml
P-45677,DRESSING|Lemon Truffle Oil|GRL,1.3,L,,1300.0,ml
P-44648,DRESSING|Lemon Vinaigrette,1.75,L,PREP,1750.0,ml
P-28222,DRESSING|Lemon/Lime Yogurt,4.5,L,PREP,4500.0,ml
P-53777,DRESSING|Maple pumpkin|DEL,2.0,L,,2000.0,ml
P-58413,DRESSING|Maple rasberry,1.0,L,,1000.0,ml
P-44645,DRESSING|Olive/Truffle|Prep,1.1,L,,1100.0,ml
P-50874,DRESSING|Quinoa citrus mint|SL,10.0,Kg,,10000.0,g
P-26050,DRESSING|Ranch,4.0,L,PREP,4000.0,ml
P-56870,DRESSING|Soy truffle,1.75,L,,1750.0,ml
P-35750,DRESSING|Spicy Caesar ,4.4,L,PREP,4400.0,ml
P-70823,DRESSING|Strawberry Vin.,1.3,L,,1300.0,ml
P-47361,DRESSING|Vin|Lemon,4.0,L,PREP,4000.0,ml
P-36553,DRESSING|Vinaigrette|GRL,2.5,L,PREP,2500.0,ml
P-26054,DRESSINGlCaesar,10.0,L,PREP,10000.0,ml
P-48762,DRIED MANGO SLICES CUP,1.0,cup,PREP,236.588125,ml
P-48761,DRIED PINEAPPLE RINGS CUP,1.0,cup,PREP,236.588125,ml
P-49420,DRIED STRAWBERRY G&G,1.0,cup,PREP,236.588125,ml
P-51094,DRY|ThymeVolumeYeild,115.0,ml,,115.0,ml
P-53323,Eat It|Barley Risotto|POP,5.5,Kg,,5500.0,g
P-53317,Eat It|Cranberry Glaze|POP,3.0,L,,3000.0,ml
P-53311,Eat It|Cuban Beans|POP,10.0,Kg,,10000.0,g
P-53309,Eat It|Empanada Filling|POP,8.0,Kg,,8000.0,g
P-53313,Eat It|Mushroom Filling|POP,5.0,Kg,,5000.0,g
P-53318,Eat It|Root Veg|POP,8.0,Kg,,8000.0,g
P-53314,Eat It|Stuffed Port Mush|POP,1.0,CT,,203.8,g
P-53310,Eat It|Vegan Empanda|POP,1.0,CT,,230.0,g
P-69444,EGG|Just egg scramble,0.85,Kg,ZDONT USE OK - PREP,850.0,g
P-26055,EGG|Scrambled,0.85,Kg,ZDONT USE OK - PREP,850.0,g
P-43954,Elote-Corn Butter,1.0,lb,,453.592,g
P-44512,Elote-Corn-prep,12.0,each,,1980.0,g
P-52951,FAN|Apple|BBC,6.0,CT,,720.0,g
P-13019,FF-Cornbread Jalapeno Ched,24.0,ea,PREP,24.0,ea
P-39031,FF|Bowl|Thai Coconut DONTUSE,1.0,PTN,,1.0,PTN
P-47018,FF|Risotto|Veg,15.0,L,,15000.0,ml
P-54068,FILLING|BigMac Roll|PREP,4.5,Kg,,4500.0,g
P-55058,FILLING|Chicken wrap salad,1750.0,g,,1750.0,g
P-55422,FILLING|ChocCheeseCake|G&G,2.5,L,,2500.0,ml
P-57377,FILLING|Kale and Spinach ,7.0,Kg,,7000.0,g
P-54195,FILLING|Spinach feta|CAL,4.5,Kg,,4500.0,g
P-52942,FILLING|Taco|Prawn|FLX,39.0,g,,39.0,g
P-64440,FILLING|Taco|scallop|CAL,550.0,g,,550.0,g
P-57951,FILLING|Taco|Shrimp|FLX,550.0,g,,550.0,g
P-61886,FILLING|WRAP|Pork belly,1.0,Kg,,1000.0,g
P-57217,FILLING|WRAP|Tofu salad,1500.0,g,,1500.0,g
P-49989,FISH CAKE|Salmon|FLX,10.0,Kg,,10000.0,g
P-42816,Flex-Rice Brown Basmati ,20.0,Kg,,20000.0,g
P-6948,Flex|Ham Festive Honey Dijon,19.0,Kg,PREP,19000.0,g
P-10502,FLEX|Sauce|Garlic Mayo,3.2,L,PREP,3200.0,ml
P-44083,FLEX|Tamarind Chutney,1.0,L,,1000.0,ml
P-53812,FLOUR|dredge|Chickenwafle,1.25,Kg,,1250.0,g
P-51255,FLX|Beyond breakfast|SP,1.0,PTN,,250.0,g
P-29128,FLX|Broth Laksa,17.0,L,PREP,17000.0,ml
P-26100,FLX|Broth|Pho Beef,57.0,L,PREP,57000.0,ml
P-43901,FLX|Dressing|Soba Noodle,850.0,ml,,850.0,ml
P-44793,FLX|Kuterra Salmon Yield,0.85,lb,PREP,385.5532,g
P-16986,FLX|Pomme Anna|plant forward,15.0,Kg,,15000.0,g
P-49287,FLX|Risotto|Mushroom,2.25,L,PREP,2250.0,ml
P-46791,FLX|Soba Noodle Cooked,800.0,g,,800.0,g
P-26437,FLX|Squash&Poblano Bake,17.0,Kg,ZDONT USE OK - PREP,17000.0,g
P-50936,FLX|Tandoori Chicken thigh|AAD,11.0,Kg,,11000.0,g
P-44929,FLX|Vegetarian|Pho Broth,30.0,L,,30000.0,ml
P-53784,FNH|apple crumble|EACH,6.0,each,,6.0,each
P-53782,FNH|PASTA|cous cous herb|,10.0,Kg,,10000.0,g
P-55548,FRIED|Corn Tortilla Strips,0.5,Kg,ZDONT USE OK - PREP,500.0,g
P-61496,FRIED|Crispy Springroll Wrap,4.0,lb,PREP,1814.368,g
P-26057,FRIED|Sunny/Overeasy Egg,1.0,ea,ZDONT USE OK - PREP,50.0,g
P-52042,FRIED|Tofu,0.9,Kg,,900.0,g
P-49267,FRITTER|Cod|Battered,1.0,Kg,,1000.0,g
P-49838,FRITTER|Halibut|Battered,1.0,Kg,,1000.0,g
P-48758,FRUIT LOOP MEDLEY CUP,1.0,cup,PREP,236.588125,ml
P-13944,G&G-Banana by each,1.0,ea,PRODUCE,118.0,g
P-13850,G&G-Pie Slice Asst,30.0,slice,BAKED GOODS,5105.0,g
P-53803,G&G|BC Pie Filling,7.0,Kg,,7000.0,g
P-53808,G&G|Ed CC Cookie,36.0,CT,,2141.0,g
P-53606,G&G|Ed Peach Pie,1.0,PIE,,1.0,PIE
P-53717,G&G|Ed Pie Dough|,1.2,Kg,,1200.0,g
P-53605,G&G|Ed's Peach Pie Fill|,10.0,Kg,,10000.0,g
P-54796,G&G|Mini Choc Cake|Uncle Ed,70.0,each,,70.0,each
P-64432,G&G|Nutella Brownie|Uncle Ed,24.0,each,,24.0,each
P-56346,G&G|Pasta|Salad,3.75,Kg,,3750.0,g
P-66114,G&G|Rice Pudding|Uncle ED,2.0,Kg,,2000.0,g
P-54252,G&G|slaw|PREP,3.0,Kg,,3000.0,g
P-53370,G&G|Uncle Ed Apple Pie,1.0,PIE,,1.0,PIE
P-53369,G&G|Uncle Ed Apple Pie filling,8.0,Kg,,8000.0,g
P-53379,G&G|Uncle Ed Apple Rhub Crisp,1.0,SHEET,,1.0,SHEET
P-53804,G&G|Uncle Ed's BC Pie,12.0,piece,,12.0,piece
P-7097,Garlic Mashed Potato,34.0,Kg,,34000.0,g
P-54352,Garnish|Avocado Spinach Pasta,20.0,g,,20.0,g
P-47550,GARNISH|cheese & parsley,16.0,g,,16.0,g
P-57302,GARNISH|cheez herb chili|RATIO,150.0,g,,150.0,g
P-43583,GARNISH|Crispy Shallot,1000.0,g,PREP,1000.0,g
P-58417,GARNISH|Fennel frond|POP,2.0,Kg,,2000.0,g
P-52620,GARNISH|Lime Mini Wedge 1/8,8.0,piece,,40.0,g
P-47838,GARNISH|Mint Spring,75.0,g,,75.0,g
P-47377,GARNISH|Parsley|Sprig,90.0,g,,90.0,g
P-44507,GARNISH|Tortillia shred|corn,30.0,g,,30.0,g
P-52998,GARNISH|walnuts|crushed|POP,500.0,g,,500.0,g
P-43346,GARNISHlFried Onion,0.45,Kg,,450.0,g
P-64393,GreekPulledOysterMush|popRS,5.0,Kg,,5000.0,g
P-36150,Grill-Ketchup Vegan,280.0,ml,PREP,280.0,ml
P-41021,Grill|Gravy Beef,20.0,L,PREP,20000.0,ml
P-44497,GRILL|Scallion Bottoms,6.0,each,,156.0,g
P-26170,GRILLED|NaanBread,1.0,PTN,PREP,1.0,PTN
P-51965,GRL|Cheese Curd|Portion,60.0,g,,60.0,g
P-52753,GRL|COOKED EGG ANYSTYLE,1.0,ea,,52.0,g
P-51086,GRL|English muffin|Prep,6.0,CT,,342.0,g
P-44587,GRL|FRIED|Egg,1.0,ea,,50.0,g
P-28262,GRL|Mayo Chimichurri,4.5,L,PREP,4500.0,ml
P-7166,GRL|Pasta|Mac&Cheese,56.0,CT,PREP,20000.0,g
P-36090,GRL|Roasted Shallot Mayo,4.0,L,PREP,4000.0,ml
P-41158,GRL|Sauce|BBQ ,5.0,L,PREP,5000.0,ml
P-50743,GRL|Sauce|Onion Gastrique,7.0,Kg,,7000.0,g
P-20990,GV - PROCESS CILANTRO,360.0,g,PREP,360.0,g
P-43700,GV delish toasted pumpkin seed,900.0,g,,900.0,g
P-47966,Gyaza-Sushi Avocado Roll (12pc,1.0,pak,SUSHI,1.0,pak
P-42552,Gyaza-Sushi Avocado Roll Pack,1.0,pak,SUSHI,300.0,g
P-42553,Gyaza-Sushi Cucumber Roll Pack,1.0,pak,SUSHI,300.0,g
P-42554,Gyaza-Sushi Salmon Roll Pack,1.0,pak,SUSHI,300.0,g
P-42555,Gyaza-Sushi Smoked Tofu Roll P,1.0,pak,SUSHI,300.0,g
P-42556,Gyaza-Sushi Spicy Salmon Pack,1.0,pak,SUSHI,300.0,g
P-42558,Gyaza-Sushi Tuna Roll Package,1.0,pak,SUSHI,300.0,g
P-42557,Gyaza-Sushi Tuna Spicy Roll Pk,1.0,pak,SUSHI,300.0,g
P-36618,GZA|Chicken marinade|,6.0,Kg,PREP,6000.0,g
P-50530,GZA|Sunamono|Cucumber Salted,700.0,g,,700.0,g
P-62023,GZA|Sushi Cucumber maki roll,1.0,ROLL,SUSHI,155.0,g
P-58403,HASH|Squash&apple tempeh hash ,1.75,Kg,,1750.0,g
P-46069,HCMG-Bnna Almnd Buttr Bulk,40.0,each,,40.0,each
P-46075,HCMG-Breakfast Yorkies Prep,30.0,each,,30.0,each
P-46072,HCMG-Chutney-Apple Raisin,24.0,PTN,,24.0,PTN
P-46080,HCMG-Fruit Salad,33.0,PTN,,33.0,PTN
P-46071,HCMG-Pancakes-Oat and Apple,30.0,each,,30.0,each
P-46077,Honeydew Yeild,1.8,Kg,,1800.0,g
P-64392,HotSauce|popRS,3.0,L,,3000.0,ml
P-55167,HS|Pasta Bar Protien|BV Test,120.0,g,,120.0,g
P-51582,JULIENNE|Carrot,10.5,Kg,PREP,10500.0,g
P-35255,JULIENNE|Cucumber,330.0,g,FOOD - GROCERY,330.0,g
P-52949,JULIENNE|Shiso,17.0,g,,17.0,g
P-54697,LEMON|Wedge 1/6,6.0,each,PREP,63.0,g
P-41727,Lentil & Squash Stew,15.0,PTN,,4927.0,g
P-55092,Marinade|Ajitama TA-RE,2.5,L,,2500.0,ml
P-56490,MARINADE|Bahn Mi Chicken,10.0,Kg,,10000.0,g
P-51269,MARINADE|Char Siu pork,3.0,Kg,,3000.0,g
P-50386,MARINADE|Shoyu,2.5,L,PREP,2500.0,ml
P-36616,MARINATE|Beef Korean|GYZ,5.5,Kg,PREP,5500.0,g
P-64768,MARINATE|Coconut lime|SL,10.0,L,,10000.0,ml
P-56068,MARINATED|Bamboo Shoot,3.8,Kg,,3800.0,g
P-50830,MARINATED|ChickenKaraage thigh,5.0,Kg,PREP,5000.0,g
P-64756,MARINATED|hali cocolime|SL|SP,35.0,Kg,,35000.0,g
P-45879,MARINATED|Honey Sesame Chicken,7.5,Kg,PREP,7500.0,g
P-26385,MARINATED|Kale,1.2,Kg,PREP,1200.0,g
P-35132,MARINATED|Lemon & Herb Chx,185.0,ea,PREP,24050.0,g
P-70986,MARINATED|Manchurian chicken|,110.0,Kg,,110000.0,g
P-36141,MARINATED|Marinated Portobella,1.814,Kg,PREP,1814.0,g
P-55093,MARINATED|Ramen Eggs,48.0,CT,PREP,2400.0,g
P-34832,MARINATED|Tuna|Gyaza,0.85,Kg,,850.0,g
P-26310,MASHED|Potato prep,44.0,Kg,ZDONT USE OK - PREP,44000.0,g
P-50744,MAYO|Charred Shallot,6.2,L,,6200.0,ml
P-38304,MAYO|Korean paste|GYZ,4.3,L,PREP,4300.0,ml
P-28255,MAYO|Siracha|GYZ,4.2,L,PREP,4200.0,ml
P-36619,MAYO|Teriyaki|GYZ,1.0,L,PREP,1000.0,ml
P-36621,MAYO|Togarashi|GYZ,1.0,L,PREP,1000.0,ml
P-26626,MEP - Garlic Puree,4.0,L,PREP,4000.0,ml
P-26627,MEP - Ginger Puree,4.0,L,PREP,4000.0,ml
P-26629,MEP|Salt/Pepper Mix,1.3,Kg,PREP,1300.0,g
P-47418,MIX|Cheese,3.0,Kg,PREP,3000.0,g
P-44776,MIX|Cumin Rub,500.0,g,,500.0,g
P-50154,MIX|Pancake Batter|GRL,5.0,L,,5000.0,ml
P-44527,MIX|Pasta Bar Herbs,6.0,g,,6.0,g
P-46824,MIX|Pasta Bar Vegetables,180.0,g,,180.0,g
P-57007,MIX|Potato blend|FP&UBC|SL,4.0,Kg,,4000.0,g
P-46614,MIX|Ranch|Dry,520.0,g,,520.0,g
P-53003,MIX|salad|UBC green and FP ,12.5,Kg,,12500.0,g
P-26019,MIX|Salt and Pepper,1225.0,g,ZDONT USE OK - PREP,1225.0,g
P-25993,MIX|Salt and Pepper - FT,6000.0,g,,6000.0,g
P-18907,MIX|Salt&Pepper,1225.0,g,,1225.0,g
P-47824,MIX|Trinity|Gar.Gin.Shal. ,2.0,Kg,,2000.0,g
P-56492,MIX|Tuna Salad,570.0,g,,570.0,g
P-61984,MIX|Wilted|Kale & Chard,2.0,Kg,,2000.0,g
P-57011,MIX|YIELD|fennel|FP & UBC|SL,3.5,Kg,,3500.0,g
P-57025,MIX|YIELD|Squash|Butternut|SL,2.0,Kg,,2000.0,g
P-35460,MIXED|Quinoa Tabbouleh,2.8,Kg,PREP,2800.0,g
P-62232,MIXED|Zucchini noodle||PREP,320.0,g,,320.0,g
P-44386,Moroccan lamb stew,80.0,PTN,PREP,80.0,PTN
P-64390,MoroccanCouscousSalad|popRS,26.0,Kg,,26000.0,g
P-64396,MuddledOnion|popRS,15.0,Kg,,15000.0,g
P-33780,MUFFIN ASST CK,1.0,ea,PRODUCTION FOOD,113.0,g
P-47358,NOODLE|Carrot Vermicell |PF,2.75,Kg,,2750.0,g
P-47355,NOODLE|Carrot|sunomono,500.0,g,,500.0,g
P-26882,NOODLES|Chow Mein Noodles,15.876,Kg,PREP,15876.0,g
P-43606,OATS|OLD Recipe,8.0,Kg,,8000.0,g
P-41466,OIL|Confit Garlic,8225.0,g,FEAST,8225.0,g
P-26381,OIL|Garlic Chili,4.0,L,PREP,4000.0,ml
P-56066,OIL|La-Yu Chinese Chili Oil,5.0,L,,5000.0,ml
P-7139,OIL|Lemon,1.25,L,,1250.0,ml
P-40875,"OK - 1/8"" Sliced Russet Pot.",1.95,Kg,,1950.0,g
P-26196,OK - Citrus & Herb Vinnaigrete,4.0,L,PREP,4000.0,ml
P-28341,OK - Corn on the Cob,96.0,each,ZDONT USE OK - PREP,96.0,each
P-32677,OK - Lemon Parsley Butter,1.0,lb,ZDONT USE OK - PREP,453.592,g
P-44727,Omelette- Whole Egg-Basic,1.0,each,,1.0,each
P-7367,PASTA  Lasagna Beef,216.0,ea,,41810.0,g
P-56500,PASTA|Aged Chedder & Mac,4.8,Kg,PREP,4800.0,g
P-49822,PASTA|Lasagne Chicken|FLX,8.75,Kg,,8750.0,g
P-55459,PASTA|Mac n cheese|Spec,56.0,CT,PREP,28000.0,g
P-7438,PASTA|Penne|COOKED,20.0,Kg,PREP,20000.0,g
P-49824,PASTA|Rotini|Yield,40.0,lb,PREP,18143.68,g
P-49940,PASTA|Tortellini Cooked|FLX,7.5,Kg,,7500.0,g
P-60816,PASTE|Harissa,200.0,g,PREP,200.0,g
P-47195,"PatelBanh Mi ""Pa-Tay""",7.0,Kg,PREP,7000.0,g
P-45964,PATTY|Burger|Ultimate Veggie,110.0,ea,PREP,15820.0,g
P-41468,PICKLE|Base Totem,15.0,L,PREP,15000.0,ml
P-43341,PICKLE|Cabbage,8.0,Kg,FEAST,8000.0,g
P-47196,PICKLE|Carrot + Daikon,5.0,Kg,PREP,5000.0,g
P-50677,PICKLE|Cucumber,5.0,Kg,,5000.0,g
P-26136,PICKLE|Onion Red,9.072,Kg,PREP,9072.0,g
P-50683,PICKLED|Carrots,0.5,Kg,PREP,500.0,g
P-50778,PICKLED|Cucumber|Slices,1.95,Kg,PREP,1950.0,g
P-25306,PICKLED|Daikon & Carrot,1.415,Kg,PREP,1415.0,g
P-44651,PICKLED|Farm Veg,1.5,Kg,PREP,1500.0,g
P-25761,PICKLED|Red Onion,2.267,Kg,PREP,2267.0,g
P-26481,POACHED|Egg|Soft|Steamer,1.0,ea,DAIRY,50.0,g
P-47051,Pop-up Oyster pan fried,3.0,each,,3.0,each
P-46956,Pop-up- mozzarella cube,2200.0,g,,2200.0,g
P-46872,Pop-up- Oyster- breading,1250.0,g,,1250.0,g
P-46877,Pop-up- Oysters- Breaded,12.0,ea,,12.0,ea
P-47147,pop-up- terrine veg,4000.0,g,,4000.0,g
P-53247,POP|arugula&balsamic|MR,20.0,g,,20.0,g
P-66163,POP|Brine|Ed,40.0,L,,40000.0,ml
P-64032,POP|Brisket Marinade|Ed,0.5,L,PREP,500.0,ml
P-64033,POP|Brisket Rub|Ed,650.0,g,,650.0,g
P-64025,POP|Brisket Sauce|Ed,6.0,L,,6000.0,ml
P-53440,POP|Cauli Fries|Blanch,1.5,Kg,,1500.0,g
P-53438,POP|Cauliflower fries|Batter,1.0,Kg,,1000.0,g
P-66120,POP|Chcken Thigh Smoked|Ed,20.0,Kg,,20000.0,g
P-54604,Pop|Coq Au Vin|Ed.,3.666,Kg,,3666.0,g
P-53315,POP|Garlic Mashed|Ed.,20.0,lb,,9071.84,g
P-53612,POP|Herb Mayo|MR,2.1,L,,2100.0,ml
P-53596,POP|Onion Bacon Jam|MR,3.3,Kg,,3300.0,g
P-66124,POP|Red Pepper Pesto Vegan|Ed,6.0,L,,6000.0,ml
P-66123,POP|Rice Wild|Ed,6.0,Kg,,6000.0,g
P-66122,POP|Risotto Pumpkin Kamut|Ed,4.5,Kg,,4500.0,g
P-64021,POP|Smoke Black Bean Ragout|Ed,5.0,Kg,,5000.0,g
P-64097,POP|Smoked Brisket|Cooked,6.0,Kg,,6000.0,g
P-54605,Pop|Spicy Pot Curry|Ed,6.0,Kg,,6000.0,g
P-66119,POP|Tofu Smoked|Ed,300.0,g,,300.0,g
P-66121,POP|Veg Empanada Fill|Ed,2.75,Kg,,2750.0,g
P-66125,POP|Veg Empanada|Ed,1.0,CT,,1.0,CT
P-53820,POPUP|Avocado Crema,300.0,g,,300.0,g
P-60984,POR|salmon|taco,30.0,g,,30.0,g
P-56933,PORTION|Kimchi,30.0,g,,30.0,g
P-64039,Portion|pumkin pie,6.0,slice,,1020.0,g
P-56716,PORTION|Salmon kuterra|Burger,100.0,g,,100.0,g
P-47202,Potato Gaufrette,35.0,g,,35.0,g
P-36855,Potato-Smashed Prep,5.0,Kg,,5000.0,g
P-54606,PPREP|Ratatouille|FF,6.679,Kg,PREP,6679.0,g
P-54455,PRAWNS|Fried,60.0,g,,60.0,g
P-14192,Prep - Jello,264.0,oz,,7484.268,g
P-8155,PREP Asian marinade,1.5,Kg,,1500.0,g
P-9853,"PREP Butternut Squash 3/4""",1.0,lb,,453.592,g
P-9722,PREP Celery Processed,49.5,lb,,22452.804,g
P-9772,PREP Celery Sliced 1/8,1.0,lb,,453.592,g
P-12392,PREP COFFEE ,60.0,fl oz,,1774.4099999999999,ml
P-7448,PREP Cous Cous cooked,5.4,Kg,PREP,5400.0,g
P-7737,PREP Cous Cous ww Cooked,5.4,Kg,,5400.0,g
P-9790,PREP Daikon Carrot Slaw,10.0,lb,,4535.92,g
P-7757,PREP Mozza/Cheddar Mix,5.0,Kg,,5000.0,g
P-14199,Prep Oats Yield,1.0,cup,,236.588125,ml
P-9749,PREP Onion Jumbo Chopped,1.0,lb,,453.592,g
P-7431,PREP Pasta Spaghetti cooked,40.0,lb,PREP,18143.68,g
P-9755,PREP Potato Red Med,49.58,lb,,22489.09136,g
P-10119,"PREP Potato Red Med 3/4""",1.0,lb,,453.592,g
P-7637,PREP Sour Cream/Salsa,1.0,srvg,,1.0,srvg
P-9861,"PREP Zucchini 3/4""",0.93,lb,,421.84056,g
P-47822,Prep- cooked WW penne,20.0,Kg,,20000.0,g
P-28759,PREP| Sliced|Roast Turkey 1kg,1.0,Kg,CK - FOOD,1000.0,g
P-50721,PREP|Acorn Squash blend|SL,2.0,Kg,,2000.0,g
P-54730,PREP|adobo chicken|SP,1.0,Kg,PREP,1000.0,g
P-55624,PREP|adobo pork|SP,1.0,Kg,PREP,1000.0,g
P-56612,PREP|Almonds are forever|TST,2.0,ea,,2.0,ea
P-50612,PREP|Apple Brine|SL,1.5,1L,,1.5,1L
P-50614,PREP|Apple Pork Chop|Brined|SL,12.0,CT,PREP,3040.0,g
P-46947,PREP|Arancini balls,1.0,each,,1.0,each
P-26517,PREP|Asian Coleslaw|GZA,0.9,Kg,PREP,900.0,g
P-47826,PREP|Atichoke|CHOPPED|TST,2.0,Kg,,2000.0,g
P-65510,PREP|Avocado Cuke cubes|GZA,200.0,g,,200.0,g
P-55263,PREP|Ballotine Roll|POP,13.5,Kg,,13500.0,g
P-55261,PREP|Balsamic Mushroom|POP,12.0,Kg,,12000.0,g
P-47208,PREP|Banh Mi| Smoked Tofu,1.0,PTN,,365.0,g
P-34534,PREP|Basil Leaf,10.0,oz,,283.495,g
P-56646,PREP|Beans|cooked|,840.0,g,,840.0,g
P-56645,PREP|Beans|soaked|,2.25,L,PREP,2250.0,ml
P-53403,PREP|Beef Back Rib Yield|SL,3.75,Kg,,3750.0,g
P-70050,PREP|Beef Pares|AAD,2.3,Kg,,2300.0,g
P-47378,PREP|Beet wellington,1.5,Kg,,1500.0,g
P-54067,PREP|BigMac Beef|For filling,40.0,Kg,,40000.0,g
P-41314,PREP|Bok Choy Processed,6.7,Kg,PREP,6700.0,g
P-56119,PREP|Bread Pudding|SPEC,22.0,slice,,22.0,slice
P-69849,PREP|Brine|buttermilk chkn|FNH,1.0,L,,1000.0,ml
P-50609,PREP|Brine|Chicken,45.0,L,,45000.0,ml
P-7420,PREP|Broccoli Florete,19.0,Kg,,19000.0,g
P-46639,PREP|Brown rice|FF Bowls,5.0,Kg,,5000.0,g
P-45052,PREP|Brown rice|pilaf,11.25,Kg,,11250.0,g
P-47805,PREP|Burger Beyond,1.0,PTN,,250.0,g
P-64878,PREP|Burger patty|TMRW,120.0,g,,120.0,g
P-45056,PREP|Butter|Herb,0.85,Kg,,850.0,g
P-50505,PREP|Buttermilk Pancakes|2,2.0,each,PREP,2.0,each
P-56449,PREP|Caesar salad,150.0,g,,150.0,g
P-56683,PREP|Calzone|DOUGH,100.0,g,,100.0,g
P-50583,PREP|Capers|chopped,450.0,g,,450.0,g
P-50967,PREP|Carrot Noodles|,1.0,Kg,,1000.0,g
P-44894,PREP|Carrot|BlueBerry|SL,550.0,g,,550.0,g
P-53243,PREP|cassolet veg,300.0,g,,300.0,g
P-57224,PREP|Cassolet|Ham,3.0,Kg,PREP,3000.0,g
P-9721,PREP|Cauliflower Florets,1.0,Kg,,1000.0,g
P-44899,PREP|Cauliflower Sumac,4.5,Kg,,4500.0,g
P-64724,PREP|cauliflower|Tempura,750.0,g,,750.0,g
P-20368,PREP|Chard Processed,2.8,Kg,,2800.0,g
P-54069,PREP|Cheese burger roll|ROLLED,1.0,each,PREP,106.0,g
P-55262,PREP|Chicken Butterfly|POP,15.0,Kg,,15000.0,g
P-50865,PREP|Chicken cacciatore|23,6.0,Kg,PREP,6000.0,g
P-50948,PREP|Chicken thigh| Yakitori,120.0,g,,120.0,g
P-59591,PREP|Chiles|Stock,1.0,L,,1000.0,ml
P-41913,PREP|chili oil|FLX,4.0,L,FEAST,4000.0,ml
P-55973,PREP|Chocolate Pudding|Parfait,10.0,L,,10000.0,ml
P-64995,PREP|Chorizo lasagna,17.6,Kg,PREP,17600.0,g
P-48495,PREP|Cilantro|Minced,100.0,g,,100.0,g
P-52943,PREP|Cilantro|Sprig,50.0,g,,50.0,g
P-53618,PREP|Coleslaw mixed|,1.0,Kg,,1000.0,g
P-50225,PREP|Collard YIELD raw|SL,100.0,g,,100.0,g
P-8798,PREP|Congee Veggie,7.5,Kg,PREP,7500.0,g
P-41619,PREP|Cooked Quinoa,2.0,Kg,FOOD - GROCERY,2000.0,g
P-55437,PREP|Corn & Beans,2.495,Kg,PREP,2495.0,g
P-53834,PREP|Cornbread|Uncle Ed,36.0,CT,,3617.6,g
P-57067,PREP|Cracked peppercorn,450.0,g,,450.0,g
P-70818,Prep|Cranberry Quinoa Salad,2.4,Kg,PREP,2400.0,g
P-70051,PREP|Crispy Garlic Rice|AAD,2.0,Kg,,2000.0,g
P-61840,PREP|Crispy tajin chickpea,1.0,Kg,,1000.0,g
P-56496,PREP|Crispy Tofu|FLX,0.12,Kg,,120.0,g
P-45790,PREP|Crispy Tortilla strip|CAL,400.0,g,PREP,400.0,g
P-13648,PREP|Croutons,2.268,Kg,PREP,2268.0,g
P-48751,PREP|Cucumber|shred,1.0,Kg,,1000.0,g
P-65511,PREP|Daikon|Cubes|GZA,1.0,Kg,,1000.0,g
P-53616,PREP|Dice jalapenos,0.9,Kg,,900.0,g
P-14069,PREP|Egg Liquid mix|Egg wash,1.0,L,,1000.0,ml
P-47149,PREP|Egg yolk|Seperated,17.0,g,,17.0,g
P-55266,PREP|Eggplant parmesan|POP,12.0,Kg,PREP,12000.0,g
P-18781,PREP|Eggplant process|AAD,10.0,Kg,,10000.0,g
P-44392,PREP|Eggs|poached,12.0,each,PREP,600.0,g
P-70078,PREP|Fajita chicken veg mix,2.8,Kg,,2800.0,g
P-56422,PREP|Fajita Veg ,2.0,Kg,,2000.0,g
P-50542,PREP|Fried Capers,1.0,Kg,,1000.0,g
P-48489,PREP|Garlic Confit,1.0,Kg,PREP,1000.0,g
P-32664,PREP|Garlic Pita,1.0,each,ZDONT USE OK - PREP,61.0,g
P-7444,PREP|Garlic Puree,4.0,L,PREP,4000.0,ml
P-57236,PREP|goat cheese|crumbled,1.0,Kg,,1000.0,g
P-9849,PREP|Gravy|Poutine,4.0,L,PREP,4000.0,ml
P-55150,PREP|Greek salad|Feta,0.25,Kg,,250.0,g
P-26405,PREP|Green Chili & Avocado Crm,2.0,L,ZDONT USE OK - PREP,2000.0,ml
P-25871,PREP|Green Leaf Lettuce,500.0,g,,500.0,g
P-9733,PREP|Green Onion,3.946,Kg,,3946.0,g
P-10113,PREP|Green Onion|Slice,1.0,Kg,,1000.0,g
P-9770,PREP|Green Pepper 1/8|SLICED,1.0,Kg,PREP,1000.0,g
P-54603,PREP|Green Rice|,4.0,Kg,,4000.0,g
P-44818,PREP|Greens|Wilted ,1.5,Kg,,1500.0,g
P-47362,PREP|Grilled Ciabatta points,2.0,ea,,257.0,g
P-9475,PREP|Harissa Moroccan|FLX,4.0,L,,4000.0,ml
P-50774,PREP|Herb Mix|SL,500.0,g,,500.0,g
P-50930,PREP|HerbMix|Chick Yakitori,500.0,g,,500.0,g
P-34930,PREP|Hollandaise|FNH,4750.0,ml,,4750.0,ml
P-8372,PREP|Hummus|PV,6.6,L,PREP,6600.0,ml
P-53367,PREP|Jerk Jackfruit,12.0,Kg,,12000.0,g
P-53366,PREP|Jerk Marinade,5.0,Kg,,5000.0,g
P-9745,PREP|Jumbo Onion,45.6,lb,,20683.7952,g
P-55094,PREP|kalderta beef|SP,1.0,Kg,PREP,1000.0,g
P-28215,PREP|Kimchi|Overnight,2.5,Kg,ZDONT USE FOOD,2500.0,g
P-50856,PREP|Korean Beef|GZA,1.0,Kg,PREP,1000.0,g
P-69995,PREP|Korean Chicken,50.0,Kg,,50000.0,g
P-70999,PREP|Korean Chicken|GZA,5.5,Kg,PREP,5500.0,g
P-57093,PREP|Large Diced|Cucumber,275.0,g,,275.0,g
P-46870,PREP|Lemon Zest|YIELD,1.5,g,,1.5,g
P-46865,PREP|Lemon|slices,78.0,g,,78.0,g
P-46515,PREP|Lime zest|YIELD,1.5,g,,1.5,g
P-44585,PREP|Lime|WEDGE,8.0,piece,,84.0,g
P-44749,PREP|Marinated Tofu|Cubes,1.0,Kg,PREP,1000.0,g
P-50610,PREP|Mashed Potato|SL,4.0,Kg,,4000.0,g
P-57227,PREP|Mirepoix,4.0,Kg,,4000.0,g
P-40591,PREP|Miso Eggplant,10.0,Kg,,10000.0,g
P-15325,PREP|Mole Spice Blend,1.5,Kg,,1500.0,g
P-47108,PREP|Mushroom duxell,3.75,Kg,,3750.0,g
P-48493,PREP|Mushroom mix for rizo|FF,1.5,Kg,,1500.0,g
P-9744,PREP|Mushroom Sliced,0.9,Kg,,900.0,g
P-55253,PREP|Mushroom Stuffing|POP,6.0,Kg,,6000.0,g
P-9743,PREP|Mushroom|Button,9.38,lb,,4254.69296,g
P-53363,PREP|Oat Crumble top,3.0,Kg,,3000.0,g
P-50551,PREP|Onion Garlic Sautee,4.8,lb,,2177.2416,g
P-55647,PREP|Overnight Oats|FF,6.0,Kg,PREP,6000.0,g
P-65353,PREP|Oyster mushroom|CRUNCH,750.0,g,,750.0,g
P-44410,PREP|Palak Paneer,33.0,Kg,PREP,33000.0,g
P-50147,PREP|Paprika Oil,1.0,L,,1000.0,ml
P-9839,PREP|Parsnip Processed  ,16.749,Kg,,16749.0,g
P-7430,PREP|Pasta Lasagna noodle,9.072,Kg,PREP,9072.0,g
P-66113,PREP|Peeled Sweet Potato,2.0,Kg,,2000.0,g
P-45124,PREP|Peppers Roast Medley,8.75,Kg,,8750.0,g
P-42499,PREP|Pickle Juice,1.0,L,,1000.0,ml
P-50584,PREP|Pickle|Chopped,1.0,Kg,,1000.0,g
P-26323,PREP|Porchetta Rub,226.796,g,ZDONT USE OK - PREP,226.796,g
P-26324,PREP|Porchetta|SL,2.89,Kg,ZDONT USE OK - PREP,2890.0,g
P-50899,PREP|Pork skin|Pork rind,2.5,Kg,PREP,2500.0,g
P-35874,PREP|Pork|Carne Asada,10.0,Kg,PREP,10000.0,g
P-46476,PREP|Potato cube,9.5,Kg,,9500.0,g
P-47745,PREP|Potato|Smashed Olive Oil,5.0,Kg,PREP,5000.0,g
P-65742,PREP|Potstickers (3),1.0,each,PREP,1.0,each
P-40624,PREP|Pozole Verde pork liquid,10.0,L,PREP,10000.0,ml
P-65831,PREP|prawn patties|POP|JB,1.25,Kg,,1250.0,g
P-8205,PREP|Pulled pork|COOKED,5.6,Kg,PREP,5600.0,g
P-6605,PREP|Pureed Garlic|USE ME,2.5,Kg,PREP,2500.0,g
P-55707,PREP|Quiche|Pork belly,1.0,PTN,,185.0,g
P-55709,PREP|Quiche|spinach,1.0,PTN,,185.0,g
P-62293,PREP|Quiche|sundried tom,1.0,PTN,,185.0,g
P-9486,PREP|Quinoa Pilaf|CAL ,7.0,Kg,,7000.0,g
P-56487,PREP|Radish|Julienne,1.0,Kg,PREP,1000.0,g
P-41306,PREP|Ramen|Sweet Corn,1.0,Kg,,1000.0,g
P-10242,PREP|Red Pepper|3/4,1.0,Kg,,1000.0,g
P-10241,PREP|Red Pepper|Julienne,1.0,Kg,,1000.0,g
P-10243,PREP|Red Pepper|Sliced 1/8,1.0,Kg,,1000.0,g
P-50581,PREP|Rice Noodle Cooked,1.0,Kg,PREP,1000.0,g
P-7283,PREP|Rice Spanish,11.0,Kg,,11000.0,g
P-41573,PREP|Rice|Ancho Mixed,8.0,Kg,PREP,8000.0,g
P-46519,PREP|ricotta|lime zest,0.85,Kg,,850.0,g
P-51382,PREP|Roasted Tomato Roma|side,44.0,each,,5070.0,g
P-6986,PREP|Rosemary Oil|SL,3.0,L,PREP,3000.0,ml
P-50852,PREP|Salmon|Ponzu,550.0,g,,550.0,g
P-50945,PREP|Salmon|Yakitori,12.0,Kg,,12000.0,g
P-46637,PREP|Sauteed Mushrooms|GRL,2.0,Kg,PREP,2000.0,g
P-65354,PREP|sauteed oyster mushroom ,1.0,Kg,,1000.0,g
P-47365,PREP|Savoy cabbage rolls|FLX ,2.0,each,,100.0,g
P-55252,PREP|Seafood Crepe|POP,402.0,CT,,20400.0,g
P-55264,PREP|Seafood Mixture|POP,9.5,Kg,,9500.0,g
P-55291,PREP|Seared Beyond Grind|,1.0,Kg,,1000.0,g
P-57063,PREP|sesame seeds roasted|,350.0,g,,350.0,g
P-54676,PREP|Sesame Spinach & Sprouts,250.0,g,,250.0,g
P-46869,PREP|Shallot Brunoise,0.85,Kg,,850.0,g
P-40584,PREP|Shallot Crispy,9.0,Kg,PREP,9000.0,g
P-44494,PREP|Shitake&Garlic sautee,1.5,Kg,,1500.0,g
P-14200,PREP|Side Bar|Oatmeal,3.0,Kg,,3000.0,g
P-50625,PREP|Simple Syrup,1.2,L,,1200.0,ml
P-51225,PREP|Skewer Yakitori,2.0,ea,,2.0,ea
P-50949,PREP|skewered chicken|Yakitori,2.0,srvg,,1170.0,g
P-53620,PREP|Slice Onion white,1.5,Kg,,1500.0,g
P-46862,PREP|Slice|Roma,20.0,slice,PREP,454.0,g
P-51246,PREP|Sliced potato,24.0,Kg,,24000.0,g
P-32151,PREP|Sliced Roma Tomato,20.0,slice,,20.0,slice
P-70825,PREP|Sliced Strawberry,1.3,Kg,,1300.0,g
P-57639,PREP|Sliced|red Onion,1.0,Kg,,1000.0,g
P-53617,PREP|Small Dice|Red onion,1.0,Kg,,1000.0,g
P-43638,PREP|smoothie|BananaMatcha|AAD,2.0,ea,,2.0,ea
P-43637,PREP|smoothie|Blue Boost|AAD,4.0,ea,,4.0,ea
P-55184,PREP|Smoothie|C++|AAD,4.0,ea,,4.0,ea
P-36780,PREP|smoothie|Chocohiolic|AAD,2.0,ea,,2.0,ea
P-36815,PREP|smoothie|Delish|AAD,4.0,ea,,4.0,ea
P-56681,PREP|smoothie|Greenmeansgo|AAD,2.0,ea,,2.0,ea
P-44309,PREP|smoothie|Hawaiian Sun|AAD,500.0,ml,,500.0,ml
P-50627,PREP|smoothie|Nojito|AAD,2.0,srvg,,2.0,srvg
P-36793,PREP|smoothie|orangezinger|AAD,2.0,ea,,350.0,g
P-36066,PREP|smoothie|Rise&Shine|AAD,4.0,ea,,4.0,ea
P-49035,PREP|smoothie|Strawberry Cupid,4.0,each,,350.0,g
P-53007,PREP|Soup|Caliente new,18.0,L,,18000.0,ml
P-70079,PREP|Spanish pie,12.0,piece,,12.0,piece
P-70816,PREP|Spicy Crispy Tofu,0.7,Kg,,700.0,g
P-44649,PREP|Squash Roasted|Bowl,8.75,Kg,PREP,8750.0,g
P-44808,PREP|Squash Spaghetti|Roasted,3000.0,g,,3000.0,g
P-9856,PREP|Squash|roasted|SL ,28.0,Kg,,28000.0,g
P-61904,PREP|STEAMED|bok-choy,4.25,Kg,,4250.0,g
P-70970,PREP|stephs chicken jerk|POP,20.0,Kg,,20000.0,g
P-70973,PREP|stephseggplant|POP,20.0,Kg,,20000.0,g
P-70975,PREP|stephsRice&CornBean|POP,10.0,Kg,,10000.0,g
P-8410,PREP|Stir Fry Beef|SP,5.0,Kg,,5000.0,g
P-54641,PREP|Stir Fry Chicken|SP,5.0,Kg,,5000.0,g
P-54646,PREP|Stir Fry Dry Pork|SP,5.0,Kg,,5000.0,g
P-54642,PREP|Stir Fry Tofu|SP,5.0,Kg,,5000.0,g
P-14161,PREP|Stock|Chicken,10.0,L,PREP,10000.0,ml
P-56779,PREP|Sundried tomato|CHOPPED,464.0,g,,464.0,g
P-10112,"PREP|Sweet Potato 3/4""",4.5,Kg,,4500.0,g
P-55281,PREP|Taco beef,1.0,Kg,,1000.0,g
P-35881,PREP|Taco Sweet Potato,2.495,Kg,PREP,2495.0,g
P-50618,PREP|Tamago Mix,500.0,g,,500.0,g
P-50950,PREP|Tamago|Yakitori,2.0,srvg,,1170.0,g
P-61841,PREP|Tater tots,1.0,Kg,,1000.0,g
P-44798,PREP|Thyme Yeild,0.5,lb,,226.796,g
P-47331,PREP|thyme|CHOPPED,200.0,g,,200.0,g
P-47797,PREP|Thyme|Sprig|garnish,90.0,g,,90.0,g
P-26109,PREP|Toasted Cashews,2.268,Kg,SB-FOOD.,2268.0,g
P-70052,PREP|Tofu ChopSuey|AAD,1.0,Kg,,1000.0,g
P-51250,PREP|Tofu Cube|GZA,10.0,Kg,,10000.0,g
P-50954,PREP|TofuYakitori,2.0,ea,,1150.0,g
P-9781,PREP|Tomato Chopped|large,0.454,Kg,,454.0,g
P-9778,PREP|Tomato|Processed,0.72,Kg,,720.0,g
P-47510,PREP|Tuna| nori wrapped,100.0,g,,100.0,g
P-28995,PREP|Tzatziki,4.0,L,PREP,4000.0,ml
P-53277,PREP|Veg Stock,10.3,L,,10300.0,ml
P-26459,PREP|Vegetable Lasagna,17.6,Kg,PREP,17600.0,g
P-69848,PREP|Waffle batter|FNH,850.0,ml,,850.0,ml
P-50531,PREP|Wakame,454.0,g,,454.0,g
P-55258,PREP|Whistle Cut|Carrot,10.0,Kg,,10000.0,g
P-44335,PREP|White Bean Burrito Base,10.4,Kg,PREP,10400.0,g
P-50605,PREP|White Beans & Pesto|SL,1.5,Kg,,1500.0,g
P-40602,PREP|WW Spaghetti|Cooked,40.0,Kg,,40000.0,g
P-6856,PREP|Yerba Mate for Smoothie,6.0,L,PREP,6000.0,ml
P-43758,PREP|zucchini noodle,475.0,g,,475.0,g
P-44900,PREP|Zucchini Rosemary Time|SP,2.25,Kg,,2250.0,g
P-50947,PREP|Zuchini|Yakitori,2.0,ea,,1400.0,g
P-64454,PREPTiramisu|POP|FNH,2.5,L,,2500.0,ml
P-26020,PUREE|Garlic|Kg - FT,2.5,Kg,PREP,2500.0,g
P-10496,PUREE|Ginger|Kg - FT,3.27,Kg,PREP,3270.0,g
P-34880,PUREE|Ginger|OK - KG,4.8,Kg,PREP,4800.0,g
P-36089,PUREE|Shallot|Roasted,2.268,Kg,PREP,2268.0,g
P-38158,PV - PROCESS BEAN GREEN,8.8,Kg,,8800.0,g
P-41302,PV - PROCESS BEETS,7.6,Kg,PREP,7600.0,g
P-19177,PV - PROCESS BROCCOLI,6.1,Kg,PREP,6100.0,g
P-16391,PV - PROCESS PEPPER GREEN,8.3,Kg,PREP,8300.0,g
P-38156,PV - PROCESS SQUASH ASST,6.6,Kg,,6600.0,g
P-23310,PV - SALAD FRUIT BAR RATIO ,11.5,Kg,,11500.0,g
P-38157,PV - SIDE BAR RATIO,10.0,Kg,,10000.0,g
P-42088,PV SOUP ASST,1.3,L,PREP,1300.0,ml
P-45057,Quinoa-Pilaf,2.5,Kg,PREP,2500.0,g
P-44907,Radicchio-Lemon and Honey Prep,48.0,PTN,,2040.0,g
P-45697,Radish Yeild (DON'T USE),45.0,g,,45.0,g
P-57287,RATIO|Salad Bar|Dressings,10.0,L,,10000.0,ml
P-57288,RATIO|Salad Bar|Salads,6.0,Kg,,6000.0,g
P-23151,RATIO|Salad Bar|Singles,6.5,Kg,,6500.0,g
P-49559,RAW ENERGY MIX CUP,1.0,cup,PREP,236.588125,ml
P-52999,RENDERED|Lardon|bacon,4.0,Kg,,4000.0,g
P-26885,RICE| White Basmati,4.0,Kg,,4000.0,g
P-32659,ROAST|Lemon Roasted Potato,22.68,Kg,PREP,22680.0,g
P-28758,ROAST|turkey|rolled,8.0,Kg,MISC.,8000.0,g
P-26436,ROASTED|ButternutSquash,1.7,Kg,ZDONT USE OK - PREP,1700.0,g
P-44811,ROASTED|Carrot|Prep,4.5,Kg,,4500.0,g
P-58863,ROASTED|Cauliflower Steak,950.0,g,,950.0,g
P-36648,ROASTED|Cinnamon Apple,2.0,Kg,PREP,2000.0,g
P-44633,ROASTED|Corn|,1.8,Kg,,1800.0,g
P-53995,ROASTED|Mushroom|Crimini,3.75,Kg,,3750.0,g
P-50424,ROASTED|Mushrooms,3.5,Kg,,3500.0,g
P-53996,ROASTED|Onion,4.5,Kg,,4500.0,g
P-35691,ROASTED|Pecans|Candied,2.0,Kg,PREP,2000.0,g
P-53994,ROASTED|Peppers,4.5,Kg,,4500.0,g
P-26435,ROASTED|Poblanos,6.0,lb,ZDONT USE OK - PREP,2721.5519999999997,g
P-25893,ROASTED|Potato,21.0,Kg,PREP,21000.0,g
P-50289,ROASTED|Pumpkin seed,100.0,g,,100.0,g
P-50801,ROASTED|Pumpkin Seeds,2.9,Kg,PREP,2900.0,g
P-49759,ROASTED|Squash & Tofu,2.5,Kg,,2500.0,g
P-58355,ROASTED|Squash Cubes,1.6,Kg,,1600.0,g
P-26382,ROASTED|Sweet Potato Hash,1.7,Kg,PREP,1700.0,g
P-36878,ROASTED|Sweet potato sage|,9.6,Kg,,9600.0,g
P-26200,ROASTED|Yam,3.0,lb,ZDONT USE OK - PREP,1360.7759999999998,g
P-53993,ROASTED|Zucchini,4.5,Kg,,4500.0,g
P-47364,ROLL|Cabbage braised filling|,4.75,Kg,PREP,4750.0,g
P-47368,ROLL|Cabbage roll|Sauce,0.75,L,,750.0,ml
P-47366,ROLL|Savoy|Steamed wrap,12.0,each,,600.0,g
P-12421,RUB|Dry rib rub|SL,105.0,g,PREP,105.0,g
P-8202,RUB|Pulled Pork,400.0,g,PREP,400.0,g
P-55107,RUB|Taco|Rub,100.0,g,,100.0,g
P-26164,RUB|UBC House,6.75,Kg,PREP,6750.0,g
P-57290,SALAD BAR|MIX|MASTER,5.0,Kg,,5000.0,g
P-44647,SALAD|Arugula & Vinaigrette,1.0,Kg,,1000.0,g
P-9838,SALAD|Asian Slaw,4.75,Kg,,4750.0,g
P-50543,SALAD|Balsamic Basil Tomato,0.5,Kg,,500.0,g
P-52948,SALAD|Beets and raddishes|BBC,2.0,Kg,,2000.0,g
P-35880,SALAD|Carrot & Beet Slaw,2.268,Kg,PREP,2268.0,g
P-26069,SALAD|Citrus Scented Arugula,15.0,g,,15.0,g
P-55818,SALAD|Coleslaw,2.5,Kg,,2500.0,g
P-32800,SALAD|Curried Chickpea ,22.0,Kg,PREP,22000.0,g
P-49591,SALAD|Fennel|Shaved,1.25,Kg,,1250.0,g
P-55056,SALAD|Iceberg|Side,1.0,Kg,,1000.0,g
P-38875,SALAD|Kale Slaw,0.06,Kg,,60.0,g
P-47512,SALAD|Potato salad|,1.25,Kg,,1250.0,g
P-49593,SALAD|Scallop Greens|POPUP,100.0,g,,100.0,g
P-44760,SALAD|Seaweed|Ponzu ,3.0,Kg,PREP,3000.0,g
P-50964,SALAD|Signature Greens|FLX,150.0,g,,150.0,g
P-36125,SALAD|Slaw asian|GYZ,2.8,Kg,PREP,2800.0,g
P-65878,SALAD|Spinach & Vinaigrette,1.0,Kg,,1000.0,g
P-53448,SALAD|UBC Fresh|FALL,170.0,g,,170.0,g
P-45055,SALAD|Wakame Seaweed,1.0,Kg,,1000.0,g
P-8811,SALAD|Wrap Ceasar Mix,16.0,Kg,,16000.0,g
P-69235,Salmon|Shoyu,7.65,Kg,PREP,7650.0,g
P-35875,SALSA||Tomatillo Verde|dontUse,4.0,L,PREP,4000.0,ml
P-53614,SALSA|Corn Salsa,3.3,Kg,,3300.0,g
P-59921,SALSA|Mango Pineapple,2.0,Kg,,2000.0,g
P-50720,SALSA|Mango Salsa|CAL,3.0,Kg,,3000.0,g
P-41140,SALSA|Pico de Gallo|dont use,14.0,Kg,PREP,14000.0,g
P-26062,SALSA|Pico de Gallo|PV,30.0,Kg,PREP,30000.0,g
P-26140,SALSA|Roasted Tomatillo,1.474,Kg,PREP,1474.0,g
P-41548,SALSA|Salsa Roja,30.0,L,PREP,30000.0,ml
P-35338,SALSA|Verde,550.0,g,PREP,550.0,g
P-50723,SAND|Panini|Chicken Bri,1.0,srvg,PREP,650.0,g
P-50641,SAND|Panini|grilled Farm,1.0,un,PREP,650.0,g
P-50646,SAND|Panini|SP,1.0,un,,1.0,un
P-70710,SAND|Pesto Mayo,4.5,L,PREP,4500.0,ml
P-28369,Sandwich|Bread,10.0,ea,ZDONT USE OK - PREP,350.0,g
P-28372,Sandwich|Cheeses,1.0,slice,ZDONT USE OK - PREP,14.0,g
P-43860,Sandwich|Falafel,1.5,oz,,42.524249999999995,g
P-43857,Sandwich|Ham,1.5,oz,,42.524249999999995,g
P-28371,Sandwich|Sauces,40.0,g,ZDONT USE OK - PREP,40.0,g
P-28373,Sandwich|Vegetables,1.0,un,ZDONT USE OK - PREP,185.0,g
P-18874,Sauce-Babaganoush,1.0,L,,1000.0,ml
P-34291,Sauce-Blueberry Salsa,50.0,ml,,50.0,ml
P-56495,SAUCE|adobo Tofu veg|SP,1.0,Kg,PREP,1000.0,g
P-55423,SAUCE|Adobo|SP,1.0,Kg,PREP,1000.0,g
P-53126,SAUCE|Aged Cheddar Cheese,5.0,L,PREP,5000.0,ml
P-8196,SAUCE|Alfredo.,19.0,L,PREP,19000.0,ml
P-36863,SAUCE|Apple Salsa Fermented,1.0,L,,1000.0,ml
P-50613,SAUCE|Apple Sauce|SL,1.0,Kg,,1000.0,g
P-50772,SAUCE|Arugula Pesto|SL,0.769,L,PREP,769.0,ml
P-7136,SAUCE|Avocado Crema,2.0,L,PREP,2000.0,ml
P-36566,SAUCE|Avocado Spinach,48.0,L,PREP,48000.0,ml
P-53336,SAUCE|Banana hot sauce,8.5,L,PREP,8500.0,ml
P-8166,SAUCE|Basil Tomato|23,13.0,L,PREP,13000.0,ml
P-44751,SAUCE|BBQ|Hoisin Sauce,1.0,L,PREP,1000.0,ml
P-50464,SAUCE|Bechamel2021,4.0,L,PREP,4000.0,ml
P-56853,SAUCE|Benny Pesto|FNH,200.0,g,,200.0,g
P-55454,SAUCE|Beyond Tomato sauce|Flex,40.0,L,PREP,40000.0,ml
P-54204,SAUCE|Bibimbap Sauce,0.075,L,PREP,75.0,ml
P-55573,SAUCE|Blue cheese|Pasta,30.0,L,PREP,30000.0,ml
P-55574,SAUCE|Blue cheese|SPEC,100.0,CT,PREP,100.0,CT
P-7385,SAUCE|Brown Sauce,36.0,L,PREP,36000.0,ml
P-50696,SAUCE|Burger|Special sauce,12.0,L,PREP,12000.0,ml
P-8180,SAUCE|Butter Chicken|AAD,22.0,L,,22000.0,ml
P-34311,SAUCE|Caramel|GRL,7.0,L,PREP,7000.0,ml
P-40848,SAUCE|Cheese,11.0,L,PREP,11000.0,ml
P-55267,SAUCE|Chicken gravy|POP,5.0,L,,5000.0,ml
P-44630,SAUCE|Chili Chilean Pebre,1.0,L,PREP,1000.0,ml
P-65941,SAUCE|chili miso,1.5,L,,1500.0,ml
P-55100,SAUCE|Chimichurri spicy|SL,1.2,L,,1200.0,ml
P-9519,SAUCE|Chimichurri|SL,4.0,L,PREP,4000.0,ml
P-12112,SAUCE|Chipotle BBQ,11.0,L,PREP,11000.0,ml
P-26067,SAUCE|Chipotle Cherry BBQ,13.0,L,PREP,13000.0,ml
P-32244,SAUCE|Chipotle Mayo|GRL,1.0,L,PREP,1000.0,ml
P-30796,SAUCE|Citrus Mayo,5.75,L,PREP,5750.0,ml
P-62108,SAUCE|coconut lime leaf|SL,0.7,L,,700.0,ml
P-56855,SAUCE|Creamy Brussel Sprout,0.5,L,PREP,500.0,ml
P-55419,SAUCE|Curry Red,20.0,L,PREP,20000.0,ml
P-12435,SAUCE|Demi Glace,4.0,L,PREP,4000.0,ml
P-43918,SAUCE|Dobanjiang ,4.0,L,PREP,4000.0,ml
P-53439,SAUCE|Garlic Mayo|POP,4.0,L,ZDONT USE OK - PREP,4000.0,ml
P-56455,SAUCE|Grainy Mustard Mayo,5.0,L,,5000.0,ml
P-50771,SAUCE|Gravy Vegetale|SL,2.0,L,,2000.0,ml
P-56301,SAUCE|Gravy|Chicken,20.0,L,,20000.0,ml
P-8193,SAUCE|Green Peppercorn,8.0,L,,8000.0,ml
P-35898,SAUCE|green tobasco|Creme,7.5,L,PREP,7500.0,ml
P-7336,SAUCE|Gremolata|SL,1380.0,g,,1380.0,g
P-7932,SAUCE|Hoisin,1000.0,ml,PREP,1000.0,ml
P-34892,SAUCE|Hollandaise|GRL,4.0,L,PREP,4000.0,ml
P-36640,SAUCE|Honey Mustard,1.0,L,PREP,1000.0,ml
P-48494,SAUCE|Hot sauce|cilantro,0.93,L,,930.0,ml
P-33438,SAUCE|Hummus,15.0,L,PREP,15000.0,ml
P-56777,SAUCE|Hummus|Basil,1.7,Kg,PREP,1700.0,g
P-28994,SAUCE|Hummus|OK,2.0,Kg,PREP,2000.0,g
P-70988,SAUCE|Manchurian sauce,0.016,L,,16.0,ml
P-47354,SAUCE|Maple glaze,4.0,L,PREP,4000.0,ml
P-36092,SAUCE|Mayo|Gorganzola,7.5,L,PREP,7500.0,ml
P-40583,SAUCE|Mayo|Kaffir Lime,1.0,L,PREP,1000.0,ml
P-47148,SAUCE|Mayo|Olive soy truffle,1.75,L,PREP,1750.0,ml
P-64699,SAUCE|mayo|Pickle ,1.0,L,PREP,1000.0,ml
P-35271,SAUCE|Mayo|Roasted Garlic,4.0,Kg,PREP,4000.0,g
P-7565,SAUCE|Mayo|Sambal Lime,4.2,L,PREP,4200.0,ml
P-6989,SAUCE|Meat sauce|pasta,65.0,L,PREP,65000.0,ml
P-50536,SAUCE|Mojo|Cubano,2.5,L,,2500.0,ml
P-47347,SAUCE|New potato salad|FLX,2.0,L,PREP,2000.0,ml
P-44528,SAUCE|Pasta Bar,180.0,ml,,180.0,ml
P-35251,SAUCE|Pesto|Arugula,0.769,L,PREP,769.0,ml
P-47706,SAUCE|Pesto|Parsley Almond,1.0,Kg,,1000.0,g
P-50621,SAUCE|Pineapple African|SL,1000.0,g,,1000.0,g
P-53744,SAUCE|Pomodoro|Pizza,21.0,Kg,,21000.0,g
P-43674,SAUCE|Ponzu,0.25,L,PREP,250.0,ml
P-57070,SAUCE|Pozole sauce|CAL,0.5,L,,500.0,ml
P-8164,SAUCE|Primavera|23,16.0,L,,16000.0,ml
P-51922,SAUCE|Puttanesca,25.0,L,PREP,25000.0,ml
P-46613,SAUCE|Ranch,5.0,L,PREP,5000.0,ml
P-68106,SAUCE|raspberry compote|GRL,5.0,Kg,PREP,5000.0,g
P-41575,SAUCE|Red CurryDONTUSE,30.0,L,PREP,30000.0,ml
P-42365,SAUCE|Remoulade|,600.0,ml,,600.0,ml
P-53238,SAUCE|Roasted Pineapple,6.0,L,,6000.0,ml
P-44897,SAUCE|Roasted Tomato Shallot,2.25,L,,2250.0,ml
P-19292,SAUCE|Rouille|JB,1.0,L,PREP,1000.0,ml
P-41547,SAUCE|Salsa Verde,30.0,L,PREP,30000.0,ml
P-44781,Sauce|Salsa Verde|SL,0.35,L,PREP,350.0,ml
P-44820,SAUCE|Salsa|Corn + pico,1.25,Kg,PREP,1250.0,g
P-41053,SAUCE|Sambal Soy ,2.8,L,PREP,2800.0,ml
P-36623,SAUCE|Sesame Ginger Soy|GYZ,1.0,L,PREP,1000.0,ml
P-56687,SAUCE|Shakshuka|VEG,1.7,Kg,PREP,1700.0,g
P-26076,SAUCE|Signature 3 Cheese ,5.025,L,FOOD - GROCERY,5025.0,ml
P-50953,SAUCE|Smoke honey Soy,850.0,ml,,850.0,ml
P-47349,SAUCE|Sour cream,35.0,g,,35.0,g
P-56069,SAUCE|Soy & Gochjan|For belly,2.0,L,,2000.0,ml
P-40595,SAUCE|Soy Ginger Dip,1.0,L,,1000.0,ml
P-62383,SAUCE|Spicy BBQ,1.25,L,,1250.0,ml
P-69872,SAUCE|Spicy Honey sauce|FNH,5.0,L,,5000.0,ml
P-62234,SAUCE|Spicy thai basil|SL,100.0,ml,,100.0,ml
P-7706,SAUCE|Strawberry Fruit|BBC,8.0,Kg,PREP,8000.0,g
P-47684,SAUCE|Sweet Chili|GRL,0.075,L,,75.0,ml
P-8296,SAUCE|Sweet Sour,15.0,L,PREP,15000.0,ml
P-55460,SAUCE|Sweet sour chicken|SPEC,15.0,L,,15000.0,ml
P-50952,SAUCE|Sweet soy,500.0,ml,,500.0,ml
P-33555,SAUCE|Tartar|GRL,5.0,L,PREP,5000.0,ml
P-26086,SAUCE|Teriyaki,17.0,L,PREP,17000.0,ml
P-50907,SAUCE|Thai Vegan Sauce|SL,175.0,ml,,175.0,ml
P-26226,SAUCE|Tomato,4.0,L,PREP,4000.0,ml
P-50938,SAUCE|Tomato Basil Sauce|SL,2.0,L,,2000.0,ml
P-49584,SAUCE|Tomato Meatball|FLX,10.0,L,,10000.0,ml
P-6888,SAUCE|Tomato Sauce Base,44.0,L,PREP,44000.0,ml
P-47074,SAUCE|Tomato|San marzano,2.0,L,,2000.0,ml
P-35848,SAUCE|Tzatziki Sauce,3.0,L,PREP,3000.0,ml
P-50939,SAUCE|Vegan Mush Gravy|SL,4.5,L,,4500.0,ml
P-44905,SAUCE|Vegan Nacho Cheese|SP,1600.0,ml,,1600.0,ml
P-36076,SAUCE|Vindaloo ,10.0,L,PREP,10000.0,ml
P-62434,SAUCES|chicken strips|ratio,1.0,srvg,,40.0,g
P-56540,SAUTE|Korean Spinach,0.35,Kg,,350.0,g
P-50689,SAUTE|Zucchini,100.0,g,,100.0,g
P-26205,SAUTEED|Mushroom,1.124,Kg,PREP,1124.0,g
P-54203,SAUTEED|Shitake Mushroom,1.124,Kg,PREP,1124.0,g
P-26898,SB - Roasted Carrots,15.0,lb,,6803.88,g
P-38127,SCONE ASST CK,1.0,ea,PRODUCTION FOOD,1.0,ea
P-35733,SEASONING|Sesame & Nori,150.0,g,PREP,150.0,g
P-50850,SEASONING|Sunomono,660.0,ml,PREP,660.0,ml
P-50881,SEASONING|Sushi,0.1,L,PREP,100.0,ml
P-54344,SESAME SEEDS|Toasted,3.0,L,,3000.0,ml
P-51242,SHAVED|Fennel|YIELD,4.0,Kg,,4000.0,g
P-51243,SHAVED|Parm reggiano,1.0,Kg,,1000.0,g
P-46864,SHRED|Iceberg Lettuce,600.0,g,,600.0,g
P-34293,"SHREDDED|1/8"" Cabbage",44.0,lb,,19958.048,g
P-9714,SHREDDED|Carrot Jumbo,0.9,Kg,,900.0,g
P-26633,SHREDDED|Lettuce|Iceberg,3.402,Kg,PREP,3402.0,g
P-14067,Side Bar-Congee Any Meat Yeild,4.0,L,,4000.0,ml
P-8429,Side Bar-Congee Beef,8.5,Kg,,8500.0,g
P-8430,Side Bar-Congee Chicken,8.25,Kg,PREP,8250.0,g
P-8800,Side Bar-Congee Meat Ham BR,8.0,Kg,,8000.0,g
P-8795,Side Bar-Congee Pork,8.0,Kg,,8000.0,g
P-6977,SIDE BAR|Rice White,11.25,Kg,PREP,11250.0,g
P-56136,SIDE|Franks|Sauce,35.0,ml,,35.0,ml
P-54556,SIDE|Garlic Flatbread,24.0,slice,,1690.0,g
P-49636,SIDE|Papadum Cone|FF,12.0,ea,,1440.0,g
P-57631,SKEWER|Greek Chicken ,1.0,each,,53.0,g
P-38108,SL-Carrots Rst,4.5,Kg,,4500.0,g
P-36663,SL-Dressing Tomato Vinaigrette,1.0,L,,1000.0,ml
P-66321,SL|Stuffed pepper TMRW ,300.0,g,,300.0,g
P-66320,SL|TMRW rice filling,10.0,Kg,,10000.0,g
P-42425,SLICE|Cucumber|1/8,470.0,g,PREP,470.0,g
P-34298,"SLICED|1/8"" Green Cabbage",18.0,Kg,PREP,18000.0,g
P-45403,"SLICED|1/8""Red Cabbage",18.0,Kg,PREP,18000.0,g
P-51510,SLICED|Avocado|1/4ea,4.0,PTN,,160.0,g
P-44506,SLICED|Avocado|Quarter,4.0,each,,160.0,g
P-50619,SLICED|Celery,7.5,Kg,,7500.0,g
P-70031,SLICED|galric in oil,1.0,Kg,,1000.0,g
P-18318,SLICED|Green Onion,160.0,g,,160.0,g
P-39057,SLICED|Green Onion v1,150.0,g,PREP,150.0,g
P-35272,SLICED|Iceburg,425.0,g,PREP,425.0,g
P-44475,SLICED|Jalepeno|1/8th,214.0,g,FOOD - GROCERY,214.0,g
P-58359,SLICED|Mushroom Foodservice,10.0,lb,,4535.92,g
P-34123,"SLICED|Onion 1/8""",11.01,Kg,PREP,11010.0,g
P-50547,SLICED|Onion Red,23.0,lb,,10432.616,g
P-35258,SLICED|Red onion,11.01,Kg,PREP,11010.0,g
P-57370,SLICED|Shallots,1.0,Kg,,1000.0,g
P-50488,SLICED|Smoked Meat,3.96,Kg,,3960.0,g
P-9779,SLICED|Tomato,768.0,slice,,11250.0,g
P-13389,SLOW COOKED|Beef Brisket|PV,3.0,Kg,PREP,3000.0,g
P-47541,SLURRY|Corn starch,1.75,L,,1750.0,ml
P-50495,SLURRY|Cornstarch,2.0,L,,2000.0,ml
P-50784,SMASHED|Avocado,2.5,L,,2500.0,ml
P-44913,SMASHED|Chunky Avocado,1.6,Kg,PREP,1600.0,g
P-56682,SMOKED|Chorizo,1.5,Kg,,1500.0,g
P-47776,SMOOTHIE|Apple Cinnamon,4.0,ea,,4.0,ea
P-47859,SMOOTHIE|Hardware,1.0,ea,,1.0,ea
P-49572,SMOOTHIE|Shamrock,1.0,ea,,1.0,ea
P-36662,Sorghum-Pilaf,7.0,Kg,,7000.0,g
P-8012,Soup 7 Grain Rice Vegetable,20.0,L,,20000.0,ml
P-8125,Soup Barley Veg,30.0,L,,30000.0,ml
P-8029,Soup Basmati Rice Chik Pe,20.0,L,,20000.0,ml
P-7432,Soup Beef Chili,30.0,L,,30000.0,ml
P-7404,"Soup Butter Bean,Squash",20.0,L,,20000.0,ml
P-8085,Soup Chicken Creole Gumbo,30.0,L,,30000.0,ml
P-7406,Soup Chicken Noodle,30.0,L,,30000.0,ml
P-7540,Soup Chicken Vegetable,30.0,L,,30000.0,ml
P-8015,Soup Cream Of BC W Mushro,30.0,L,,30000.0,ml
P-7419,Soup Cream Of Broccoli,30.0,L,,30000.0,ml
P-7531,Soup Cream of Cauli ,30.0,L,,30000.0,ml
P-7555,Soup Cream of Turkey Veg,30.0,L,,30000.0,ml
P-8014,Soup Hummus Swiss Chard,20.0,L,,20000.0,ml
P-7966,Soup Indian Lentil W Chick Pea,25.0,L,,25000.0,ml
P-7463,Soup Local Veg ,30.0,L,,30000.0,ml
P-8123,Soup Onion ,20.0,L,,20000.0,ml
P-7418,Soup Roasted Potato,20.0,L,,20000.0,ml
P-7414,Soup Split Pea,30.0,L,,30000.0,ml
P-8048,Soup Tomato Vegetable Rice,30.0,L,,30000.0,ml
P-41998,SOUP|Black bean,2.0,L,PREP,2000.0,ml
P-44638,SOUP|Chowder clam,40.0,L,PREP,40000.0,ml
P-56685,SOUP|Chowder|Corn|,40.0,L,PREP,40000.0,ml
P-7423,SOUP|Corn Chowder,30.0,L,,30000.0,ml
P-53252,SOUP|FennelBouillabaisse|MR,35.0,L,,35000.0,ml
P-54045,SOUP|Miso and Dashi|BASE,1.0,L,,1000.0,ml
P-53775,SOUP|Pumpkin|BASE,2.0,L,,2000.0,ml
P-35268,SOUP|Tortilla Soup Base|CAL,3.0,L,PREP,3000.0,ml
P-44505,SOUP|Tortillia chicken|CAL,60.0,L,PREP,60000.0,ml
P-64103,SOUP|Tortillia|Plant based|CAL,65.0,L,PREP,65000.0,ml
P-49613,SOUSVIDE|Kuterra||FLX,1.0,Kg,PREP,1000.0,g
P-53334,SP|apple pie,6.0,each,,6.0,each
P-64757,SP|Tepanade for fish|SL,1.6,Kg,,1600.0,g
P-32809,SPICE|Chickpea,1.0,Kg,ZDONT USE OK - PREP,1000.0,g
P-57630,SPICE|Mediterraen,500.0,g,,500.0,g
P-41572,SPICEMIX|Ancho Rice,1.0,Kg,PREP,1000.0,g
P-44082,SPICEMIX|Chaat Masala,0.86,Kg,FEAST,860.0,g
P-64417,SS|POP|BBQ|CHICK,25.0,Kg,PREP,25000.0,g
P-54752,SS|POP|Black|Beans,1.8,Kg,,1800.0,g
P-54753,SS|POP|Chicken,40.0,Kg,,40000.0,g
P-54791,SS|POP|Chiles|Rellenos,2.0,Kg,,2000.0,g
P-53583,SS|POP|kofta,280.0,g,,280.0,g
P-53585,SS|POP|kofta|sauce,250.0,ml,,250.0,ml
P-53586,SS|POP|Mor|Sauce,500.0,g,,500.0,g
P-53587,SS|POP|Mor|Veg,237.0,ml,,237.0,ml
P-54639,SS|POP|Polenta,1.0,Kg,,1000.0,g
P-53742,SS|POP|Tempeh|Tostadas,1.0,each,,105.02,g
P-64379,SS|POP|VEG|GUMBO,10.0,L,,10000.0,ml
P-54820,SS|POP|VEG|PAELLA,3.25,Kg,,3250.0,g
P-64383,SS|POP|VEGAN|RICE|BEANS,2.5,Kg,,2500.0,g
P-61959,STEAMED|Bao buns,24.0,each,,1200.0,g
P-44331,STEAMED|Broccoli,3.85,Kg,,3850.0,g
P-61953,STEAMED|Gai-lan,4.5,Kg,,4500.0,g
P-33911,STEAMED|Green Beans Batch,3.5,Kg,PREP,3500.0,g
P-26021,STEAMED|Quinoa,3.3,Kg,PREP,3300.0,g
P-26090,STEAMED|Rice|Brown,4.5,Kg,PREP,4500.0,g
P-40972,STEAMED|Spicy Soy Salmon,9.7,Kg,PREP,9700.0,g
P-50377,STEW|Beef Caldereta,3.0,Kg,FOOD - GROCERY,3000.0,g
P-49037,STEW|Beef Stew|one pot,12.95,Kg,PREP,12950.0,g
P-49970,STEW|Pot Pie Beef|SP,72.0,CT,PREP,17040.0,g
P-44904,STEW|Ratatouille|PREP ,25.0,L,,25000.0,ml
P-57207,STEW|Squash Stew|One pot,12.95,Kg,PREP,12950.0,g
P-32673,STOCK|Beef from conc,32.0,L,ZDONT USE OK - PREP,32000.0,ml
P-12427,STOCK|Brown Veal Stock,20.0,L,PREP,20000.0,ml
P-12502,STOCK|Chicken|Demi,20.0,L,PREP,20000.0,ml
P-35318,STOCK|dashi|GZA,14.0,L,PREP,14000.0,ml
P-68981,STOCK|dashi|no bonito|GZA,14.0,L,PREP,14000.0,ml
P-57225,STOCK|ham Bones,20.0,L,,20000.0,ml
P-32661,STOCK|Veg from Conc.,31.1,L,ZDONT USE OK - PREP,31100.0,ml
P-50601,STOCK|Vegetable,20.0,L,PREP,20000.0,ml
P-50600,STOCK|Vegetable Asian,20.0,L,,20000.0,ml
P-58370,STUFFING|Mushroom ,7.4,Kg,,7400.0,g
P-39022,Supercrunch Salad,5.0,PTN,,5.0,PTN
P-64391,SweetSauce|popRS,7.0,L,,7000.0,ml
P-59561,SZ|chicken shawrama,10.0,Kg,,10000.0,g
P-59565,SZ|taboullah,6.25,Kg,,6250.0,g
P-60813,TART|Spinach Feta,1.0,ea,,244.99999999999997,g
P-58353,TOASTED|Coconut Ribbon,1.0,Kg,,1000.0,g
P-26497,TOASTED|Walnuts,950.0,g,PREP,950.0,g
P-50389,TOFU|Shoyu,7.5,Kg,PREP,7500.0,g
P-44689,TOPPING|Avocado Egg,2.0,ea,,2.0,ea
P-55555,TP - PREP Ginger Puree,5.0,L,PREP,5000.0,ml
P-19209,TP - PROCESS CELERY,15.4,Kg,,15400.0,g
P-20249,TP - PROCESS ZUCCHINI,10.8,Kg,,10800.0,g
P-64395,TurkishGyroMeat|popRS,20.0,Kg,,20000.0,g
P-64394,TzatzikiSauce|popRS,4.2,L,PREP,4200.0,ml
P-46751,VEG|Mac & Cheese,5.0,Kg,PREP,5000.0,g
P-43737,VEG|Soft Boiled Egg,20.0,each,FOOD - GROCERY,1000.0,g
P-44332,VEG|Steamed Cauliflower,4.85,Kg,,4850.0,g
P-45046,Vinaigrette-Watercress Basil P,4.0,L,,4000.0,ml
P-56951,VINAIGRETTE|Grainy Dijon,1.0,L,,1000.0,ml
P-7341,Water,9.0,Kg,PREP,9000.0,g
P-49530,WATER|Apple Cinnamon,14.0,L,,14000.0,ml
P-49529,WATER|Blackberry Sage,14.0,L,,14000.0,ml
P-49540,WATER|Cardamom Ginger Cinnamon,14.0,L,,14000.0,ml
P-49520,"WATER|Cucumber, Lemon, Mint",14.0,L,,14000.0,ml
P-49544,WATER|Grapefruit & Rosemary,14.0,L,,14000.0,ml
P-49543,"WATER|Honeydew, Cucumber, Mint",14.0,L,,14000.0,ml
P-49526,WATER|Orange Cilantro Grapefru,14.0,L,,14000.0,ml
P-49542,WATER|Orange Star Anise,14.0,L,,14000.0,ml
P-49524,WATER|Strawberry Jalapeno,14.0,L,,14000.0,ml
P-46079,Watermelon Yield,3.0,Kg,,3000.0,g
P-13457,WES-Reduced Balsmic ,8.0,fl oz,,236.588,ml
P-12434,WES-Vanilla Demi Glace,1.0,L,PREP,1000.0,ml
P-62279,WHIPPED|Coconut Cream|bananana,3.1,L,PREP,3100.0,ml
P-32739,WHIPPED|CoconutCream,3.1,L,PREP,3100.0,ml
P-50888,WILTED|Chard|SL,1.0,Kg,,1000.0,g
P-51230,WINGS|Sauce Mix,1.0,srvg,,1.0,srvg
P-48635,wonton soup,1.0,each,,450.0,g
P-47509,WRAP | Nori | SP ,2.0,each,,4.0,g
P-55079,WRAP|Spring roll,1.0,CT,,53.0,g
P-51224,YAKITORI|Sides mix,1.0,each,,180.0,g
P-44694,Yam Mash-Maple Rosemary,9.0,Kg,,9000.0,g
P-42530,YEILD|Baby carrot|FARM,200.0,g,,200.0,g
P-57214,YIELD| Chorizo Meat (uncased),5.0,Kg,,5000.0,g
P-51535,YIELD|70%Jalapeno|Processed,700.0,g,,700.0,g
P-26557,YIELD|Asparagus,0.7,lb,,317.51439999999997,g
P-54657,YIELD|Avocado,120.0,g,,120.0,g
P-49552,YIELD|Bacon Portion|2 slices,20.0,g,,20.0,g
P-46076,YIELD|Bacon|COOKED,1.75,Kg,PREP,1750.0,g
P-51523,YIELD|Bak Choy,21.8,Kg,,21800.0,g
P-33869,YIELD|Banana Pepper|Drained,1.64,Kg,MISC.,1640.0,g
P-50636,YIELD|Banana|Peeled,650.0,g,,650.0,g
P-9851,YIELD|Beets,7.484,Kg,,7484.0,g
P-50786,YIELD|Bocconcini,2.21,Kg,,2210.0,g
P-51992,YIELD|Bread|Sourdough cheeky,16.0,slice,,720.0,g
P-50946,YIELD|Broccoli stem,35.0,g,,35.0,g
P-50716,YIELD|Brussel sprout|Raw,0.8,Kg,,800.0,g
P-22247,YIELD|Capers Drained,1020.0,g,,1020.0,g
P-9713,YIELD|Carrot Jumbo|Processed,19.3,Kg,,19300.0,g
P-19208,YIELD|Carrots Raw,8.2,Kg,,8200.0,g
P-20248,YIELD|Cauliflower,9.0,Kg,,9000.0,g
P-9720,YIELD|Cauliflower|Florets,11.0,Kg,,11000.0,g
P-12954,YIELD|Celery,750.0,g,,750.0,g
P-50966,YIELD|Cherry Tomato Cut,1.0,Kg,,1000.0,g
P-44797,YIELD|Chicken Breast|Cooked,0.9,Kg,PREP,900.0,g
P-45255,YIELD|Chicken Strips,70.0,piece,,4550.0,g
P-64675,YIELD|Chicken Thigh|diced,1.4,Kg,PREP,1400.0,g
P-48606,YIELD|Chicken Thigh|Stirfry,1.4,Kg,PREP,1400.0,g
P-44675,YIELD|Chicken Wings,18.0,Kg,PREP,18000.0,g
P-35894,YIELD|Chicken|Cumin & Lime,4.0,Kg,PREP,4000.0,g
P-71870,YIELD|Chicken|Mole,4.0,Kg,PREP,4000.0,g
P-36505,YIELD|Chickpeas|Can,1.8,Kg,,1800.0,g
P-41407,YIELD|Chives,440.0,g,,440.0,g
P-44728,YIELD|Chopped Parsley,45.0,g,,45.0,g
P-57092,YIELD|Chopped Romaine,620.0,g,PREP,620.0,g
P-44510,YIELD|Cilantro|Bunch,50.0,g,PREP,50.0,g
P-26514,YIELD|Cilantro|Herb,55.0,g,,55.0,g
P-47836,YIELD|COOKED|Thigh bone in,9.75,Kg,,9750.0,g
P-21077,YIELD|Cucumber Processed,3.8,Kg,,3800.0,g
P-51222,YIELD|Daikon|Peeled,4.5,Kg,,4500.0,g
P-57150,YIELD|Dill Fresh BC,0.9,Kg,,900.0,g
P-44916,YIELD|Dill Yield,0.8,Kg,,800.0,g
P-44652,YIELD|Drained Pickle,11.4,Kg,PREP,11400.0,g
P-56952,YIELD|Drained Tuna,1.88,Kg,,1880.0,g
P-9774,YIELD|Eggplant|FLX,12.27,Kg,,12270.0,g
P-45230,YIELD|Fries|GRL,1.6,Kg,,1600.0,g
P-50658,YIELD|Golden apple,0.75,CT,,75.0,g
P-57213,YIELD|Granny Smith Apple,0.8,lb,,362.8736,g
P-9710,YIELD|Green cabbage,40.0,lb,PREP,18143.68,g
P-48933,YIELD|Green onion|Fresh,5.7,Kg,,5700.0,g
P-57146,YIELD|Green Pepper,8.3,Kg,,8300.0,g
P-45121,YIELD|Green Pepper,0.8,Kg,,800.0,g
P-9734,YIELD|Green Peppers,20.32,lb,PREP,9216.98944,g
P-61821,YIELD|Ham|1 whole ham,15.5,Kg,PREP,15500.0,g
P-50853,YIELD|hardbite Chips|Crunch,475.0,g,,475.0,g
P-13842,YIELD|Hashbrowns cooked,0.85,Kg,,850.0,g
P-45047,YIELD|Herb|Basil,0.5,Kg,,500.0,g
P-45053,YIELD|Herb|Mint,600.0,g,,600.0,g
P-44896,YIELD|Herb|Parsley,0.5,Kg,,500.0,g
P-52035,YIELD|Herb|Thai Basil,500.0,g,,500.0,g
P-52036,YIELD|Herb|Thyme,500.0,g,,500.0,g
P-62251,YIELD|Iceberg lettuce,74.0,g,,74.0,g
P-50429,YIELD|Italian Parsley|Herb,450.0,g,PREP,450.0,g
P-56811,YIELD|Jalapeno,4.0,Kg,,4000.0,g
P-53745,YIELD|Jalapenos wt seeds|Whole,0.9,Kg,,900.0,g
P-44964,YIELD|Kale,300.0,g,,300.0,g
P-13881,YIELD|Kale,0.8,Kg,,800.0,g
P-20239,YIELD|Kale Processed,7.4,Kg,,7400.0,g
P-40741,YIELD|Kuterra,0.8,Kg,,800.0,g
P-49610,YIELD|Kuterra Salmon|Skin off,8.5,Kg,PREP,8500.0,g
P-49571,YIELD|Kuterra Salmon|Skin on,9.0,Kg,,9000.0,g
P-50851,YIELD|Kuterra||Poke,5.0,Kg,,5000.0,g
P-57221,YIELD|Leek,1.2,lb,,544.3104,g
P-9863,YIELD|Leeks,900.0,g,,900.0,g
P-57183,YIELD|Lemon,330.0,g,,330.0,g
P-46509,YIELD|Lettuce bun,3.0,each,,3.0,each
P-50695,YIELD|Lettuce Green Leaf,8.5,lb,,3855.5319999999997,g
P-46492,YIELD|Mint|Herb,0.6,Kg,,600.0,g
P-51536,YIELD|Oregano Fresh,325.0,g,,325.0,g
P-50567,YIELD|Parsley,0.408,Kg,,408.0,g
P-57371,YIELD|Peeled UBC potato,4.5,Kg,,4500.0,g
P-52222,YIELD|Pickle Spear ea 20-30g,1.0,ea,,25.0,g
P-56921,YIELD|Poblano,825.0,g,,825.0,g
P-42504,YIELD|Potato Chips,475.0,g,PREP,475.0,g
P-52994,YIELD|Prawn|Humpback,35.0,each,,455.0,g
P-32747,YIELD|Quiche Custard|Batch,3.0,L,,3000.0,ml
P-61817,YIELD|Radicchio,4.0,Kg,,4000.0,g
P-9854,YIELD|Radish,19.051,Kg,,19051.0,g
P-9712,YIELD|Red Cabbage,40.0,lb,PREP,18143.68,g
P-57245,YIELD|Red Onion,9.0,lb,,4082.328,g
P-19175,YIELD|Red Onion,1.6,Kg,PREP,1600.0,g
P-56290,YIELD|Red Pepper,363.2,g,,363.2,g
P-18746,YIELD|Red Pepper|Fresh,8.3,Kg,PREP,8300.0,g
P-13933,YIELD|Roasted Red Pepper|Can,2.0,L,,2000.0,ml
P-9855,YIELD|Romaine ,8.165,Kg,PREP,8164.999999999999,g
P-44901,YIELD|Rosemary Fresh|Herb,0.65,Kg,,650.0,g
P-57206,YIELD|Royal Gala Apple,0.8,lb,,362.8736,g
P-57024,YIELD|Sage|Herb,675.0,g,,675.0,g
P-51537,YIELD|Sage|Herb,0.65,Kg,,650.0,g
P-64910,Yield|Scallop|CuminLime,4.5,Kg,PREP,4500.0,g
P-52997,YIELD|Seaweed salad|GZA,1.0,Kg,,1000.0,g
P-55427,YIELD|Serrano pepper,1.0,Kg,,1000.0,g
P-46439,YIELD|Shaved Smoke Tofu,1.0,Kg,,1000.0,g
P-51442,YIELD|Shiso,40.0,g,,40.0,g
P-51524,YIELD|Shitake Mushroom|Trimmed,870.0,g,,870.0,g
P-57294,YIELD|Shrimp meat,386.0,g,,386.0,g
P-35712,YIELD|Sliced Roma Tomato,400.0,g,PREP,400.0,g
P-58226,YIELD|Squash Butternut,1.6,Kg,,1600.0,g
P-51580,YIELD|Squash Kabocha,1.6,Kg,,1600.0,g
P-56780,YIELD|Sundried tomato|TST,700.0,g,,700.0,g
P-50849,YIELD|Sunomono|Cuke Salted,450.0,g,,450.0,g
P-43699,YIELD|Taro chip,390.0,g,PREP,390.0,g
P-51538,YIELD|Tarragon|Picked,0.5,Kg,,500.0,g
P-57143,YIELD|Thai Chili Peppers,0.9,Kg,,900.0,g
P-50676,YIELD|Thyme,300.0,g,,300.0,g
P-56923,YIELD|Tomatillio,825.0,g,,825.0,g
P-50587,YIELD|Tomato Roma,9.0,Kg,,9000.0,g
P-50855,YIELD|Tomatoes|Ponzu,400.0,g,,400.0,g
P-47511,YIELD|Tuna albacore OW,9.75,Kg,,9750.0,g
P-45048,YIELD|Watercress,125.0,g,,125.0,g
P-49671,YIELD|Wild Lingcod|steamed,9.5,Kg,,9500.0,g
P-62250,YIELD|Yam Fries|GRL,1.6,Kg,,1600.0,g
P-24452,YIELD|Yellow Onion,0.9,lb,,408.2328,g
P-57145,YIELD|Yellow Pepper,8.3,Kg,,8300.0,g
P-45120,YIELD|Yellow Pepper,0.8,Kg,,800.0,g
P-62405,YIELD|Zucchini,938.0,g,,938.0,g
P-9756,YIELD|Zucchini,0.9,Kg,,900.0,g
P-48760,YOGURT RAISINS CUP,1.0,cup,PREP,236.588125,ml
P-7690,Zucchinni dice Roasted,1.5,Kg,,1500.0,g
